data,regiao,precipitacao_mm,temperatura_media_c,temperatura_max_c
2024-01-01,Barreiras-BA (Graos),13.86,26.91,32.65
2024-01-02,Barreiras-BA (Graos),9.03,24.65,27.6
2024-01-03,Barreiras-BA (Graos),15.48,25.01,29.8
2024-01-04,Barreiras-BA (Graos),17.83,25.42,30.47
2024-01-05,Barreiras-BA (Graos),10.8,24.01,26.83
2024-01-06,Barreiras-BA (Graos),4.59,25.98,30.89
2024-01-07,Barreiras-BA (Graos),6.08,26.19,30.79
2024-01-08,Barreiras-BA (Graos),5.82,24.81,27.43
2024-01-09,Barreiras-BA (Graos),0.19,25.9,30.63
2024-01-10,Barreiras-BA (Graos),0.02,26.62,31.39
2024-01-11,Barreiras-BA (Graos),0.29,26.59,31.2
2024-01-12,Barreiras-BA (Graos),0.2,27.1,32.93
2024-01-13,Barreiras-BA (Graos),10.8,26.18,31.75
2024-01-14,Barreiras-BA (Graos),1.16,26.37,32.06
2024-01-15,Barreiras-BA (Graos),3.9,26.73,32.26
2024-01-16,Barreiras-BA (Graos),0.55,27.18,32.95
2024-01-17,Barreiras-BA (Graos),0.03,27.44,33.02
2024-01-18,Barreiras-BA (Graos),0.0,28.3,34.77
2024-01-19,Barreiras-BA (Graos),0.63,28.31,34.57
2024-01-20,Barreiras-BA (Graos),1.66,29.1,36.58
2024-01-21,Barreiras-BA (Graos),3.05,28.55,35.83
2024-01-22,Barreiras-BA (Graos),5.7,27.34,33.27
2024-01-23,Barreiras-BA (Graos),4.3,25.89,30.33
2024-01-24,Barreiras-BA (Graos),3.11,26.53,32.63
2024-01-25,Barreiras-BA (Graos),13.06,25.93,30.86
2024-01-26,Barreiras-BA (Graos),48.25,24.67,28.66
2024-01-27,Barreiras-BA (Graos),22.47,24.52,28.28
2024-01-28,Barreiras-BA (Graos),26.57,24.29,28.43
2024-01-29,Barreiras-BA (Graos),11.35,24.76,29.19
2024-01-30,Barreiras-BA (Graos),2.02,25.05,29.55
2024-01-31,Barreiras-BA (Graos),3.55,25.91,30.16
2024-02-01,Barreiras-BA (Graos),0.42,25.64,28.96
2024-02-02,Barreiras-BA (Graos),0.03,24.91,29.77
2024-02-03,Barreiras-BA (Graos),0.04,24.78,29.8
2024-02-04,Barreiras-BA (Graos),0.16,24.89,30.48
2024-02-05,Barreiras-BA (Graos),0.03,26.02,31.73
2024-02-06,Barreiras-BA (Graos),0.33,26.81,32.06
2024-02-07,Barreiras-BA (Graos),0.29,27.46,33.32
2024-02-08,Barreiras-BA (Graos),7.06,27.75,33.65
2024-02-09,Barreiras-BA (Graos),14.32,25.42,29.36
2024-02-10,Barreiras-BA (Graos),19.42,23.58,26.97
2024-02-11,Barreiras-BA (Graos),1.6,23.63,27.7
2024-02-12,Barreiras-BA (Graos),0.02,24.49,30.46
2024-02-13,Barreiras-BA (Graos),0.0,25.42,31.88
2024-02-14,Barreiras-BA (Graos),0.06,26.7,32.6
2024-02-15,Barreiras-BA (Graos),0.0,27.7,33.65
2024-02-16,Barreiras-BA (Graos),2.6,27.99,34.27
2024-02-17,Barreiras-BA (Graos),22.29,25.78,29.78
2024-02-18,Barreiras-BA (Graos),10.02,25.93,30.99
2024-02-19,Barreiras-BA (Graos),31.88,25.56,29.7
2024-02-20,Barreiras-BA (Graos),16.67,24.74,28.67
2024-02-21,Barreiras-BA (Graos),43.59,24.06,28.33
2024-02-22,Barreiras-BA (Graos),18.66,23.44,26.82
2024-02-23,Barreiras-BA (Graos),14.9,23.74,27.78
2024-02-24,Barreiras-BA (Graos),0.08,24.54,29.28
2024-02-25,Barreiras-BA (Graos),0.03,24.39,29.75
2024-02-26,Barreiras-BA (Graos),0.15,23.99,29.23
2024-02-27,Barreiras-BA (Graos),0.05,24.51,29.96
2024-02-28,Barreiras-BA (Graos),0.0,25.49,30.19
2024-02-29,Barreiras-BA (Graos),0.05,26.06,30.95
2024-03-01,Barreiras-BA (Graos),0.06,26.34,31.59
2024-03-02,Barreiras-BA (Graos),0.43,26.41,31.26
2024-03-03,Barreiras-BA (Graos),13.82,26.06,30.33
2024-03-04,Barreiras-BA (Graos),12.1,23.92,27.12
2024-03-05,Barreiras-BA (Graos),0.45,24.3,28.86
2024-03-06,Barreiras-BA (Graos),0.02,25.66,30.54
2024-03-07,Barreiras-BA (Graos),0.03,25.98,31.09
2024-03-08,Barreiras-BA (Graos),0.02,26.0,31.95
2024-03-09,Barreiras-BA (Graos),0.43,26.15,32.23
2024-03-10,Barreiras-BA (Graos),0.01,26.82,32.88
2024-03-11,Barreiras-BA (Graos),0.02,28.04,33.36
2024-03-12,Barreiras-BA (Graos),0.29,28.45,34.22
2024-03-13,Barreiras-BA (Graos),0.07,28.2,34.1
2024-03-14,Barreiras-BA (Graos),0.02,28.77,35.31
2024-03-15,Barreiras-BA (Graos),0.45,28.06,34.65
2024-03-16,Barreiras-BA (Graos),0.45,27.59,34.11
2024-03-17,Barreiras-BA (Graos),0.0,28.81,36.47
2024-03-18,Barreiras-BA (Graos),2.85,29.39,35.75
2024-03-19,Barreiras-BA (Graos),0.81,30.52,37.61
2024-03-20,Barreiras-BA (Graos),4.43,29.03,35.61
2024-03-21,Barreiras-BA (Graos),1.02,29.01,35.28
2024-03-22,Barreiras-BA (Graos),3.4,28.99,35.1
2024-03-23,Barreiras-BA (Graos),0.9,28.58,34.32
2024-03-24,Barreiras-BA (Graos),0.9,28.92,35.14
2024-03-25,Barreiras-BA (Graos),0.0,28.38,35.3
2024-03-26,Barreiras-BA (Graos),0.0,29.07,36.23
2024-03-27,Barreiras-BA (Graos),0.05,29.04,35.59
2024-03-28,Barreiras-BA (Graos),0.13,29.76,37.05
2024-03-29,Barreiras-BA (Graos),0.01,29.84,37.86
2024-03-30,Barreiras-BA (Graos),0.01,30.34,38.0
2024-03-31,Barreiras-BA (Graos),0.04,30.27,38.83
2024-04-01,Barreiras-BA (Graos),0.33,29.01,35.87
2024-04-02,Barreiras-BA (Graos),1.12,28.92,35.41
2024-04-03,Barreiras-BA (Graos),0.44,26.18,30.86
2024-04-04,Barreiras-BA (Graos),6.42,26.18,31.4
2024-04-05,Barreiras-BA (Graos),10.36,25.9,29.71
2024-04-06,Barreiras-BA (Graos),28.95,26.59,32.08
2024-04-07,Barreiras-BA (Graos),17.44,24.95,28.73
2024-04-08,Barreiras-BA (Graos),1.47,25.25,30.15
2024-04-09,Barreiras-BA (Graos),0.88,26.37,31.08
2024-04-10,Barreiras-BA (Graos),1.1,26.88,31.08
2024-04-11,Barreiras-BA (Graos),6.25,26.7,30.9
2024-04-12,Barreiras-BA (Graos),1.63,26.4,30.64
2024-04-13,Barreiras-BA (Graos),0.82,26.18,31.31
2024-04-14,Barreiras-BA (Graos),0.73,25.52,31.54
2024-04-15,Barreiras-BA (Graos),0.24,26.13,32.06
2024-04-16,Barreiras-BA (Graos),1.34,26.12,31.89
2024-04-17,Barreiras-BA (Graos),0.42,26.96,32.71
2024-04-18,Barreiras-BA (Graos),2.79,26.8,32.1
2024-04-19,Barreiras-BA (Graos),1.35,27.4,33.0
2024-04-20,Barreiras-BA (Graos),0.05,27.14,33.51
2024-04-21,Barreiras-BA (Graos),0.02,26.82,32.78
2024-04-22,Barreiras-BA (Graos),0.03,27.28,33.77
2024-04-23,Barreiras-BA (Graos),0.03,27.45,33.83
2024-04-24,Barreiras-BA (Graos),0.27,27.94,34.83
2024-04-25,Barreiras-BA (Graos),0.37,28.42,35.61
2024-04-26,Barreiras-BA (Graos),1.19,27.52,35.8
2024-04-27,Barreiras-BA (Graos),1.92,26.52,33.55
2024-04-28,Barreiras-BA (Graos),1.61,27.24,34.16
2024-04-29,Barreiras-BA (Graos),0.0,27.33,35.66
2024-04-30,Barreiras-BA (Graos),0.06,26.83,34.54
2024-05-01,Barreiras-BA (Graos),0.0,27.11,35.26
2024-05-02,Barreiras-BA (Graos),0.0,27.84,35.5
2024-05-03,Barreiras-BA (Graos),0.0,27.57,36.08
2024-05-04,Barreiras-BA (Graos),0.0,27.46,35.93
2024-05-05,Barreiras-BA (Graos),0.0,27.46,35.1
2024-05-06,Barreiras-BA (Graos),0.03,27.8,34.95
2024-05-07,Barreiras-BA (Graos),0.0,26.49,34.7
2024-05-08,Barreiras-BA (Graos),0.0,27.49,35.37
2024-05-09,Barreiras-BA (Graos),0.0,26.96,35.31
2024-05-10,Barreiras-BA (Graos),0.0,26.44,35.15
2024-05-11,Barreiras-BA (Graos),0.01,26.58,36.15
2024-05-12,Barreiras-BA (Graos),0.0,28.45,35.32
2024-05-13,Barreiras-BA (Graos),0.0,29.0,36.29
2024-05-14,Barreiras-BA (Graos),0.0,30.18,37.95
2024-05-15,Barreiras-BA (Graos),0.0,29.63,37.51
2024-05-16,Barreiras-BA (Graos),0.0,26.95,35.14
2024-05-17,Barreiras-BA (Graos),0.0,26.06,34.68
2024-05-18,Barreiras-BA (Graos),0.0,26.59,35.19
2024-05-19,Barreiras-BA (Graos),0.06,27.54,35.05
2024-05-20,Barreiras-BA (Graos),0.01,28.01,35.67
2024-05-21,Barreiras-BA (Graos),0.0,27.43,35.16
2024-05-22,Barreiras-BA (Graos),0.0,27.45,34.86
2024-05-23,Barreiras-BA (Graos),0.0,26.99,34.2
2024-05-24,Barreiras-BA (Graos),0.0,25.81,34.54
2024-05-25,Barreiras-BA (Graos),0.0,25.94,34.57
2024-05-26,Barreiras-BA (Graos),0.01,26.21,34.91
2024-05-27,Barreiras-BA (Graos),0.0,25.47,33.81
2024-05-28,Barreiras-BA (Graos),0.0,25.85,34.13
2024-05-29,Barreiras-BA (Graos),0.0,26.6,34.76
2024-05-30,Barreiras-BA (Graos),0.0,27.22,35.37
2024-05-31,Barreiras-BA (Graos),0.0,26.07,34.43
2024-06-01,Barreiras-BA (Graos),0.0,25.4,32.54
2024-06-02,Barreiras-BA (Graos),0.01,26.18,32.89
2024-06-03,Barreiras-BA (Graos),0.06,26.03,33.11
2024-06-04,Barreiras-BA (Graos),0.03,26.01,32.57
2024-06-05,Barreiras-BA (Graos),0.0,25.22,33.08
2024-06-06,Barreiras-BA (Graos),0.05,26.43,33.74
2024-06-07,Barreiras-BA (Graos),0.0,26.43,33.87
2024-06-08,Barreiras-BA (Graos),0.0,25.63,33.69
2024-06-09,Barreiras-BA (Graos),0.0,25.35,33.74
2024-06-10,Barreiras-BA (Graos),0.0,26.02,32.88
2024-06-11,Barreiras-BA (Graos),0.0,26.12,32.4
2024-06-12,Barreiras-BA (Graos),0.0,25.29,32.93
2024-06-13,Barreiras-BA (Graos),0.0,25.4,33.04
2024-06-14,Barreiras-BA (Graos),0.0,25.21,33.36
2024-06-15,Barreiras-BA (Graos),0.0,24.06,31.87
2024-06-16,Barreiras-BA (Graos),0.0,23.5,31.67
2024-06-17,Barreiras-BA (Graos),0.0,23.74,32.07
2024-06-18,Barreiras-BA (Graos),0.0,24.96,32.7
2024-06-19,Barreiras-BA (Graos),0.04,25.87,33.07
2024-06-20,Barreiras-BA (Graos),0.02,24.79,32.39
2024-06-21,Barreiras-BA (Graos),0.17,24.61,32.34
2024-06-22,Barreiras-BA (Graos),0.03,24.3,32.55
2024-06-23,Barreiras-BA (Graos),0.0,24.46,32.76
2024-06-24,Barreiras-BA (Graos),0.01,24.37,32.99
2024-06-25,Barreiras-BA (Graos),0.0,24.45,32.72
2024-06-26,Barreiras-BA (Graos),0.0,25.52,33.21
2024-06-27,Barreiras-BA (Graos),0.0,26.33,34.23
2024-06-28,Barreiras-BA (Graos),0.0,26.33,34.72
2024-06-29,Barreiras-BA (Graos),0.0,26.4,35.1
2024-06-30,Barreiras-BA (Graos),0.0,26.51,34.66
2024-07-01,Barreiras-BA (Graos),0.0,26.65,33.44
2024-07-02,Barreiras-BA (Graos),0.0,25.66,32.89
2024-07-03,Barreiras-BA (Graos),0.0,24.34,32.04
2024-07-04,Barreiras-BA (Graos),0.0,24.0,32.79
2024-07-05,Barreiras-BA (Graos),0.0,24.1,32.54
2024-07-06,Barreiras-BA (Graos),0.0,24.75,33.21
2024-07-07,Barreiras-BA (Graos),0.0,25.62,33.21
2024-07-08,Barreiras-BA (Graos),0.0,25.67,33.87
2024-07-09,Barreiras-BA (Graos),0.0,24.98,33.39
2024-07-10,Barreiras-BA (Graos),0.0,24.81,33.21
2024-07-11,Barreiras-BA (Graos),0.01,26.09,33.94
2024-07-12,Barreiras-BA (Graos),0.0,25.21,32.32
2024-07-13,Barreiras-BA (Graos),0.0,23.19,30.76
2024-07-14,Barreiras-BA (Graos),0.11,22.41,30.6
2024-07-15,Barreiras-BA (Graos),0.0,23.05,31.65
2024-07-16,Barreiras-BA (Graos),0.0,22.55,31.64
2024-07-17,Barreiras-BA (Graos),0.0,23.37,31.78
2024-07-18,Barreiras-BA (Graos),0.0,23.66,32.16
2024-07-19,Barreiras-BA (Graos),0.0,23.39,32.47
2024-07-20,Barreiras-BA (Graos),0.0,22.83,31.37
2024-07-21,Barreiras-BA (Graos),0.0,22.67,30.97
2024-07-22,Barreiras-BA (Graos),0.01,23.59,31.58
2024-07-23,Barreiras-BA (Graos),0.0,24.04,32.91
2024-07-24,Barreiras-BA (Graos),0.0,23.19,32.11
2024-07-25,Barreiras-BA (Graos),0.0,22.84,31.81
2024-07-26,Barreiras-BA (Graos),0.0,24.0,33.22
2024-07-27,Barreiras-BA (Graos),0.02,24.67,32.75
2024-07-28,Barreiras-BA (Graos),0.0,23.66,32.18
2024-07-29,Barreiras-BA (Graos),0.0,25.18,32.89
2024-07-30,Barreiras-BA (Graos),0.01,26.91,34.14
2024-07-31,Barreiras-BA (Graos),0.0,26.47,33.59
2024-08-01,Barreiras-BA (Graos),0.0,25.43,32.61
2024-08-02,Barreiras-BA (Graos),0.0,24.72,32.15
2024-08-03,Barreiras-BA (Graos),0.0,24.56,32.13
2024-08-04,Barreiras-BA (Graos),0.0,23.8,31.57
2024-08-05,Barreiras-BA (Graos),0.0,24.49,32.02
2024-08-06,Barreiras-BA (Graos),0.0,24.04,32.27
2024-08-07,Barreiras-BA (Graos),0.0,24.14,32.23
2024-08-08,Barreiras-BA (Graos),0.02,25.96,33.91
2024-08-09,Barreiras-BA (Graos),0.0,26.94,34.76
2024-08-10,Barreiras-BA (Graos),0.0,29.01,37.19
2024-08-11,Barreiras-BA (Graos),0.0,27.66,35.9
2024-08-12,Barreiras-BA (Graos),0.0,28.3,34.75
2024-08-13,Barreiras-BA (Graos),0.0,28.98,35.28
2024-08-14,Barreiras-BA (Graos),0.04,28.47,34.78
2024-08-15,Barreiras-BA (Graos),0.0,27.06,34.44
2024-08-16,Barreiras-BA (Graos),0.0,27.29,34.86
2024-08-17,Barreiras-BA (Graos),0.0,26.77,34.95
2024-08-18,Barreiras-BA (Graos),0.0,25.56,34.71
2024-08-19,Barreiras-BA (Graos),0.0,25.11,33.89
2024-08-20,Barreiras-BA (Graos),0.02,25.23,33.88
2024-08-21,Barreiras-BA (Graos),0.17,26.1,35.66
2024-08-22,Barreiras-BA (Graos),0.0,25.96,35.41
2024-08-23,Barreiras-BA (Graos),0.0,25.65,34.41
2024-08-24,Barreiras-BA (Graos),0.0,25.83,34.49
2024-08-25,Barreiras-BA (Graos),0.09,26.65,35.83
2024-08-26,Barreiras-BA (Graos),0.0,27.31,36.35
2024-08-27,Barreiras-BA (Graos),0.0,27.27,36.05
2024-08-28,Barreiras-BA (Graos),0.0,25.96,33.81
2024-08-29,Barreiras-BA (Graos),0.01,25.77,32.73
2024-08-30,Barreiras-BA (Graos),0.0,25.22,33.82
2024-08-31,Barreiras-BA (Graos),0.0,26.09,34.84
2024-09-01,Barreiras-BA (Graos),0.0,26.27,34.93
2024-09-02,Barreiras-BA (Graos),0.04,25.61,34.95
2024-09-03,Barreiras-BA (Graos),0.0,26.11,35.99
2024-09-04,Barreiras-BA (Graos),0.0,26.19,36.23
2024-09-05,Barreiras-BA (Graos),0.0,25.82,35.71
2024-09-06,Barreiras-BA (Graos),0.0,26.19,36.38
2024-09-07,Barreiras-BA (Graos),0.0,26.17,35.71
2024-09-08,Barreiras-BA (Graos),0.0,26.13,34.76
2024-09-09,Barreiras-BA (Graos),0.0,25.62,34.84
2024-09-10,Barreiras-BA (Graos),0.0,25.78,34.59
2024-09-11,Barreiras-BA (Graos),0.0,26.55,35.12
2024-09-12,Barreiras-BA (Graos),0.0,26.37,35.51
2024-09-13,Barreiras-BA (Graos),0.0,25.99,34.74
2024-09-14,Barreiras-BA (Graos),0.0,26.34,35.22
2024-09-15,Barreiras-BA (Graos),0.0,26.85,35.88
2024-09-16,Barreiras-BA (Graos),0.0,28.19,36.26
2024-09-17,Barreiras-BA (Graos),0.0,29.53,38.78
2024-09-18,Barreiras-BA (Graos),0.0,28.41,36.32
2024-09-19,Barreiras-BA (Graos),0.0,26.7,35.63
2024-09-20,Barreiras-BA (Graos),0.0,26.9,36.4
2024-09-21,Barreiras-BA (Graos),0.0,27.77,37.35
2024-09-22,Barreiras-BA (Graos),0.0,28.31,37.41
2024-09-23,Barreiras-BA (Graos),0.0,28.7,37.9
2024-09-24,Barreiras-BA (Graos),0.0,29.15,37.44
2024-09-25,Barreiras-BA (Graos),0.11,28.99,36.88
2024-09-26,Barreiras-BA (Graos),0.02,28.79,36.33
2024-09-27,Barreiras-BA (Graos),0.0,29.17,37.35
2024-09-28,Barreiras-BA (Graos),0.0,29.76,38.45
2024-09-29,Barreiras-BA (Graos),0.0,29.57,38.04
2024-09-30,Barreiras-BA (Graos),0.0,27.98,36.7
2024-10-01,Barreiras-BA (Graos),0.0,27.66,36.3
2024-10-02,Barreiras-BA (Graos),0.0,29.08,36.26
2024-10-03,Barreiras-BA (Graos),0.0,30.2,37.95
2024-10-04,Barreiras-BA (Graos),0.0,29.77,38.79
2024-10-05,Barreiras-BA (Graos),0.0,30.87,39.76
2024-10-06,Barreiras-BA (Graos),0.05,32.51,39.79
2024-10-07,Barreiras-BA (Graos),0.06,32.09,38.79
2024-10-08,Barreiras-BA (Graos),0.09,32.07,38.84
2024-10-09,Barreiras-BA (Graos),0.0,32.15,40.59
2024-10-10,Barreiras-BA (Graos),0.0,32.59,40.06
2024-10-11,Barreiras-BA (Graos),0.08,32.12,38.97
2024-10-12,Barreiras-BA (Graos),0.0,32.33,39.45
2024-10-13,Barreiras-BA (Graos),0.04,33.69,40.4
2024-10-14,Barreiras-BA (Graos),0.0,32.56,39.22
2024-10-15,Barreiras-BA (Graos),0.85,31.48,37.84
2024-10-16,Barreiras-BA (Graos),11.35,26.87,30.52
2024-10-17,Barreiras-BA (Graos),8.04,27.09,32.46
2024-10-18,Barreiras-BA (Graos),2.34,27.91,33.68
2024-10-19,Barreiras-BA (Graos),0.97,26.54,30.58
2024-10-20,Barreiras-BA (Graos),28.94,27.35,32.28
2024-10-21,Barreiras-BA (Graos),5.84,25.96,30.15
2024-10-22,Barreiras-BA (Graos),0.01,27.53,33.77
2024-10-23,Barreiras-BA (Graos),0.0,28.08,34.44
2024-10-24,Barreiras-BA (Graos),0.0,28.83,35.16
2024-10-25,Barreiras-BA (Graos),2.25,29.73,36.02
2024-10-26,Barreiras-BA (Graos),14.49,28.63,34.82
2024-10-27,Barreiras-BA (Graos),0.6,29.35,34.97
2024-10-28,Barreiras-BA (Graos),0.0,29.18,35.8
2024-10-29,Barreiras-BA (Graos),0.06,29.07,35.1
2024-10-30,Barreiras-BA (Graos),5.14,28.51,34.82
2024-10-31,Barreiras-BA (Graos),13.76,25.56,31.73
2024-11-01,Barreiras-BA (Graos),0.92,26.74,32.89
2024-11-02,Barreiras-BA (Graos),10.53,26.98,32.37
2024-11-03,Barreiras-BA (Graos),2.62,27.15,32.23
2024-11-04,Barreiras-BA (Graos),0.2,28.71,34.42
2024-11-05,Barreiras-BA (Graos),0.48,27.52,32.03
2024-11-06,Barreiras-BA (Graos),0.07,27.06,32.44
2024-11-07,Barreiras-BA (Graos),0.2,27.72,33.62
2024-11-08,Barreiras-BA (Graos),0.69,28.99,34.84
2024-11-09,Barreiras-BA (Graos),0.71,29.07,33.79
2024-11-10,Barreiras-BA (Graos),14.54,24.69,26.33
2024-11-11,Barreiras-BA (Graos),2.31,26.73,32.51
2024-11-12,Barreiras-BA (Graos),6.76,24.47,28.58
2024-11-13,Barreiras-BA (Graos),12.27,26.43,31.85
2024-11-14,Barreiras-BA (Graos),46.87,24.38,27.09
2024-11-15,Barreiras-BA (Graos),0.11,25.52,31.04
2024-11-16,Barreiras-BA (Graos),0.0,25.09,31.71
2024-11-17,Barreiras-BA (Graos),0.0,25.8,32.17
2024-11-18,Barreiras-BA (Graos),0.29,26.03,30.97
2024-11-19,Barreiras-BA (Graos),0.21,27.24,32.91
2024-11-20,Barreiras-BA (Graos),2.94,28.28,34.21
2024-11-21,Barreiras-BA (Graos),4.48,27.96,32.87
2024-11-22,Barreiras-BA (Graos),6.8,28.04,33.52
2024-11-23,Barreiras-BA (Graos),3.87,26.07,30.82
2024-11-24,Barreiras-BA (Graos),29.28,26.18,31.29
2024-11-25,Barreiras-BA (Graos),14.16,25.49,29.9
2024-11-26,Barreiras-BA (Graos),3.34,25.73,30.53
2024-11-27,Barreiras-BA (Graos),9.07,25.98,30.89
2024-11-28,Barreiras-BA (Graos),0.38,26.42,31.2
2024-11-29,Barreiras-BA (Graos),0.09,27.01,32.44
2024-11-30,Barreiras-BA (Graos),0.01,28.18,33.91
2024-12-01,Barreiras-BA (Graos),7.45,27.51,32.23
2024-12-02,Barreiras-BA (Graos),3.0,27.25,32.31
2024-12-03,Barreiras-BA (Graos),0.34,27.68,33.83
2024-12-04,Barreiras-BA (Graos),13.16,24.11,26.49
2024-12-05,Barreiras-BA (Graos),0.14,26.0,32.4
2024-12-06,Barreiras-BA (Graos),0.01,26.49,32.77
2024-12-07,Barreiras-BA (Graos),0.07,27.51,33.47
2024-12-08,Barreiras-BA (Graos),0.04,27.64,33.7
2024-12-09,Barreiras-BA (Graos),0.37,28.69,35.3
2024-12-10,Barreiras-BA (Graos),0.02,29.03,36.32
2024-12-11,Barreiras-BA (Graos),0.0,29.05,36.47
2024-12-12,Barreiras-BA (Graos),0.11,30.12,37.63
2024-12-13,Barreiras-BA (Graos),0.47,30.05,36.89
2024-12-14,Barreiras-BA (Graos),0.19,29.93,36.12
2024-12-15,Barreiras-BA (Graos),2.1,31.0,38.18
2024-12-16,Barreiras-BA (Graos),3.06,29.06,35.09
2024-12-17,Barreiras-BA (Graos),0.78,28.55,34.79
2024-12-18,Barreiras-BA (Graos),9.01,28.1,33.86
2024-12-19,Barreiras-BA (Graos),5.06,28.74,35.09
2024-12-20,Barreiras-BA (Graos),0.37,29.25,35.57
2024-12-21,Barreiras-BA (Graos),0.57,29.72,36.15
2024-12-22,Barreiras-BA (Graos),0.31,29.96,36.93
2024-12-23,Barreiras-BA (Graos),2.4,29.33,36.43
2024-12-24,Barreiras-BA (Graos),7.34,25.37,28.18
2024-12-25,Barreiras-BA (Graos),0.79,27.05,33.51
2024-12-26,Barreiras-BA (Graos),0.85,27.95,33.71
2024-12-27,Barreiras-BA (Graos),0.1,29.85,36.41
2024-12-28,Barreiras-BA (Graos),0.52,29.25,35.47
2024-12-29,Barreiras-BA (Graos),0.35,30.37,37.54
2024-12-30,Barreiras-BA (Graos),4.09,28.81,34.01
2024-12-31,Barreiras-BA (Graos),1.56,26.92,31.68
2024-01-01,Passo Fundo-RS (Trigo),0.52,22.55,28.47
2024-01-02,Passo Fundo-RS (Trigo),12.74,21.5,25.62
2024-01-03,Passo Fundo-RS (Trigo),0.77,21.89,27.34
2024-01-04,Passo Fundo-RS (Trigo),0.1,22.07,27.46
2024-01-05,Passo Fundo-RS (Trigo),0.02,22.67,27.88
2024-01-06,Passo Fundo-RS (Trigo),0.0,24.33,29.4
2024-01-07,Passo Fundo-RS (Trigo),0.81,25.56,30.61
2024-01-08,Passo Fundo-RS (Trigo),0.18,25.13,29.32
2024-01-09,Passo Fundo-RS (Trigo),5.38,24.91,28.98
2024-01-10,Passo Fundo-RS (Trigo),0.63,25.45,29.01
2024-01-11,Passo Fundo-RS (Trigo),1.76,24.09,28.29
2024-01-12,Passo Fundo-RS (Trigo),0.1,21.26,26.53
2024-01-13,Passo Fundo-RS (Trigo),0.0,23.29,30.01
2024-01-14,Passo Fundo-RS (Trigo),2.21,25.35,30.37
2024-01-15,Passo Fundo-RS (Trigo),1.06,25.56,29.77
2024-01-16,Passo Fundo-RS (Trigo),14.53,25.73,30.37
2024-01-17,Passo Fundo-RS (Trigo),37.57,24.94,26.42
2024-01-18,Passo Fundo-RS (Trigo),62.41,24.67,28.02
2024-01-19,Passo Fundo-RS (Trigo),0.38,24.72,29.3
2024-01-20,Passo Fundo-RS (Trigo),0.77,23.59,28.13
2024-01-21,Passo Fundo-RS (Trigo),0.23,22.05,27.3
2024-01-22,Passo Fundo-RS (Trigo),0.94,20.76,25.0
2024-01-23,Passo Fundo-RS (Trigo),3.62,19.34,23.41
2024-01-24,Passo Fundo-RS (Trigo),5.2,18.55,22.68
2024-01-25,Passo Fundo-RS (Trigo),0.12,18.55,24.28
2024-01-26,Passo Fundo-RS (Trigo),1.54,17.87,23.4
2024-01-27,Passo Fundo-RS (Trigo),2.32,19.01,24.09
2024-01-28,Passo Fundo-RS (Trigo),1.85,20.11,24.48
2024-01-29,Passo Fundo-RS (Trigo),0.56,20.89,26.58
2024-01-30,Passo Fundo-RS (Trigo),0.03,22.12,27.67
2024-01-31,Passo Fundo-RS (Trigo),0.0,21.49,28.11
2024-02-01,Passo Fundo-RS (Trigo),0.02,22.55,29.45
2024-02-02,Passo Fundo-RS (Trigo),0.01,23.82,29.71
2024-02-03,Passo Fundo-RS (Trigo),0.09,24.27,29.13
2024-02-04,Passo Fundo-RS (Trigo),0.53,25.23,30.0
2024-02-05,Passo Fundo-RS (Trigo),1.51,25.04,29.7
2024-02-06,Passo Fundo-RS (Trigo),0.8,24.34,27.66
2024-02-07,Passo Fundo-RS (Trigo),3.56,25.63,29.89
2024-02-08,Passo Fundo-RS (Trigo),1.43,25.99,31.04
2024-02-09,Passo Fundo-RS (Trigo),0.95,25.87,30.92
2024-02-10,Passo Fundo-RS (Trigo),0.11,26.44,31.18
2024-02-11,Passo Fundo-RS (Trigo),0.1,25.12,28.72
2024-02-12,Passo Fundo-RS (Trigo),0.99,26.42,31.35
2024-02-13,Passo Fundo-RS (Trigo),50.6,22.41,25.6
2024-02-14,Passo Fundo-RS (Trigo),1.6,19.38,24.23
2024-02-15,Passo Fundo-RS (Trigo),3.42,20.55,25.43
2024-02-16,Passo Fundo-RS (Trigo),10.53,22.21,27.66
2024-02-17,Passo Fundo-RS (Trigo),5.03,22.63,27.46
2024-02-18,Passo Fundo-RS (Trigo),0.95,23.6,29.3
2024-02-19,Passo Fundo-RS (Trigo),7.57,21.72,25.2
2024-02-20,Passo Fundo-RS (Trigo),0.41,22.07,27.79
2024-02-21,Passo Fundo-RS (Trigo),0.0,22.26,28.18
2024-02-22,Passo Fundo-RS (Trigo),0.14,22.99,28.05
2024-02-23,Passo Fundo-RS (Trigo),0.34,24.77,29.49
2024-02-24,Passo Fundo-RS (Trigo),0.01,25.16,30.46
2024-02-25,Passo Fundo-RS (Trigo),0.23,23.86,27.53
2024-02-26,Passo Fundo-RS (Trigo),14.58,23.47,26.66
2024-02-27,Passo Fundo-RS (Trigo),12.61,24.08,27.71
2024-02-28,Passo Fundo-RS (Trigo),5.1,24.06,26.97
2024-02-29,Passo Fundo-RS (Trigo),4.11,23.46,27.69
2024-03-01,Passo Fundo-RS (Trigo),0.19,23.31,28.4
2024-03-02,Passo Fundo-RS (Trigo),0.06,24.39,29.58
2024-03-03,Passo Fundo-RS (Trigo),0.62,23.47,28.07
2024-03-04,Passo Fundo-RS (Trigo),11.04,21.07,26.63
2024-03-05,Passo Fundo-RS (Trigo),0.16,18.95,24.87
2024-03-06,Passo Fundo-RS (Trigo),0.06,18.23,25.74
2024-03-07,Passo Fundo-RS (Trigo),9.63,22.16,28.79
2024-03-08,Passo Fundo-RS (Trigo),35.3,22.91,25.72
2024-03-09,Passo Fundo-RS (Trigo),9.48,24.54,28.65
2024-03-10,Passo Fundo-RS (Trigo),0.66,23.2,28.72
2024-03-11,Passo Fundo-RS (Trigo),0.1,21.79,28.87
2024-03-12,Passo Fundo-RS (Trigo),0.12,23.04,29.3
2024-03-13,Passo Fundo-RS (Trigo),0.01,23.56,29.9
2024-03-14,Passo Fundo-RS (Trigo),0.03,24.74,31.12
2024-03-15,Passo Fundo-RS (Trigo),7.84,22.98,25.47
2024-03-16,Passo Fundo-RS (Trigo),24.13,24.53,28.21
2024-03-17,Passo Fundo-RS (Trigo),3.77,23.75,26.88
2024-03-18,Passo Fundo-RS (Trigo),3.83,24.5,29.73
2024-03-19,Passo Fundo-RS (Trigo),12.73,24.8,28.35
2024-03-20,Passo Fundo-RS (Trigo),6.89,25.1,29.92
2024-03-21,Passo Fundo-RS (Trigo),13.37,22.7,25.16
2024-03-22,Passo Fundo-RS (Trigo),0.06,16.85,22.6
2024-03-23,Passo Fundo-RS (Trigo),0.01,17.72,24.24
2024-03-24,Passo Fundo-RS (Trigo),0.02,19.63,25.77
2024-03-25,Passo Fundo-RS (Trigo),0.04,20.36,25.98
2024-03-26,Passo Fundo-RS (Trigo),0.05,18.24,25.38
2024-03-27,Passo Fundo-RS (Trigo),0.42,20.78,27.05
2024-03-28,Passo Fundo-RS (Trigo),3.48,22.06,26.84
2024-03-29,Passo Fundo-RS (Trigo),11.08,21.99,26.2
2024-03-30,Passo Fundo-RS (Trigo),0.12,21.96,27.62
2024-03-31,Passo Fundo-RS (Trigo),0.0,22.91,27.47
2024-04-01,Passo Fundo-RS (Trigo),0.82,22.91,28.37
2024-04-02,Passo Fundo-RS (Trigo),0.82,21.22,25.85
2024-04-03,Passo Fundo-RS (Trigo),0.13,23.1,29.82
2024-04-04,Passo Fundo-RS (Trigo),4.63,23.35,28.78
2024-04-05,Passo Fundo-RS (Trigo),5.61,22.05,27.19
2024-04-06,Passo Fundo-RS (Trigo),5.64,19.62,26.3
2024-04-07,Passo Fundo-RS (Trigo),19.09,19.68,23.29
2024-04-08,Passo Fundo-RS (Trigo),1.89,21.81,26.82
2024-04-09,Passo Fundo-RS (Trigo),0.13,22.33,27.56
2024-04-10,Passo Fundo-RS (Trigo),1.02,22.29,28.11
2024-04-11,Passo Fundo-RS (Trigo),5.15,19.41,24.24
2024-04-12,Passo Fundo-RS (Trigo),1.1,21.05,27.25
2024-04-13,Passo Fundo-RS (Trigo),25.21,20.92,24.04
2024-04-14,Passo Fundo-RS (Trigo),20.43,22.03,25.18
2024-04-15,Passo Fundo-RS (Trigo),5.63,22.12,25.75
2024-04-16,Passo Fundo-RS (Trigo),34.89,20.89,24.46
2024-04-17,Passo Fundo-RS (Trigo),2.42,15.53,20.19
2024-04-18,Passo Fundo-RS (Trigo),0.0,15.2,21.97
2024-04-19,Passo Fundo-RS (Trigo),0.11,16.23,23.72
2024-04-20,Passo Fundo-RS (Trigo),0.08,16.25,24.2
2024-04-21,Passo Fundo-RS (Trigo),0.11,17.63,25.76
2024-04-22,Passo Fundo-RS (Trigo),1.91,19.54,25.93
2024-04-23,Passo Fundo-RS (Trigo),7.69,22.25,26.37
2024-04-24,Passo Fundo-RS (Trigo),0.96,19.55,24.88
2024-04-25,Passo Fundo-RS (Trigo),3.08,20.14,26.68
2024-04-26,Passo Fundo-RS (Trigo),1.64,23.1,28.56
2024-04-27,Passo Fundo-RS (Trigo),5.35,23.52,28.79
2024-04-28,Passo Fundo-RS (Trigo),21.09,17.88,21.33
2024-04-29,Passo Fundo-RS (Trigo),27.14,23.07,27.38
2024-04-30,Passo Fundo-RS (Trigo),36.18,23.41,27.99
2024-05-01,Passo Fundo-RS (Trigo),97.36,22.98,26.68
2024-05-02,Passo Fundo-RS (Trigo),33.85,21.28,25.23
2024-05-03,Passo Fundo-RS (Trigo),15.72,17.04,19.56
2024-05-04,Passo Fundo-RS (Trigo),64.82,19.58,22.47
2024-05-05,Passo Fundo-RS (Trigo),5.34,22.7,27.98
2024-05-06,Passo Fundo-RS (Trigo),0.01,21.55,27.06
2024-05-07,Passo Fundo-RS (Trigo),0.01,21.42,27.06
2024-05-08,Passo Fundo-RS (Trigo),9.1,20.96,26.55
2024-05-09,Passo Fundo-RS (Trigo),0.61,15.63,20.95
2024-05-10,Passo Fundo-RS (Trigo),20.05,18.28,23.87
2024-05-11,Passo Fundo-RS (Trigo),24.38,19.68,23.95
2024-05-12,Passo Fundo-RS (Trigo),28.48,19.86,22.63
2024-05-13,Passo Fundo-RS (Trigo),4.72,15.24,17.4
2024-05-14,Passo Fundo-RS (Trigo),0.23,9.13,14.23
2024-05-15,Passo Fundo-RS (Trigo),0.0,8.84,15.84
2024-05-16,Passo Fundo-RS (Trigo),13.13,12.77,16.58
2024-05-17,Passo Fundo-RS (Trigo),11.75,12.53,14.65
2024-05-18,Passo Fundo-RS (Trigo),2.75,10.64,13.66
2024-05-19,Passo Fundo-RS (Trigo),0.43,11.44,15.4
2024-05-20,Passo Fundo-RS (Trigo),0.27,10.98,16.5
2024-05-21,Passo Fundo-RS (Trigo),0.05,15.35,23.0
2024-05-22,Passo Fundo-RS (Trigo),2.57,19.94,25.75
2024-05-23,Passo Fundo-RS (Trigo),40.29,20.0,24.29
2024-05-24,Passo Fundo-RS (Trigo),6.55,13.33,17.57
2024-05-25,Passo Fundo-RS (Trigo),0.08,7.46,11.41
2024-05-26,Passo Fundo-RS (Trigo),0.64,9.52,14.4
2024-05-27,Passo Fundo-RS (Trigo),9.45,10.99,13.94
2024-05-28,Passo Fundo-RS (Trigo),1.92,6.97,8.98
2024-05-29,Passo Fundo-RS (Trigo),0.49,10.65,15.42
2024-05-30,Passo Fundo-RS (Trigo),0.31,9.93,17.41
2024-05-31,Passo Fundo-RS (Trigo),0.04,10.92,19.34
2024-06-01,Passo Fundo-RS (Trigo),0.04,12.52,19.12
2024-06-02,Passo Fundo-RS (Trigo),0.01,15.54,22.35
2024-06-03,Passo Fundo-RS (Trigo),4.66,11.31,14.66
2024-06-04,Passo Fundo-RS (Trigo),0.06,11.5,20.32
2024-06-05,Passo Fundo-RS (Trigo),0.03,16.33,21.7
2024-06-06,Passo Fundo-RS (Trigo),0.03,17.76,24.3
2024-06-07,Passo Fundo-RS (Trigo),0.13,18.64,24.33
2024-06-08,Passo Fundo-RS (Trigo),0.0,17.46,23.47
2024-06-09,Passo Fundo-RS (Trigo),0.04,18.51,24.39
2024-06-10,Passo Fundo-RS (Trigo),0.01,20.06,25.16
2024-06-11,Passo Fundo-RS (Trigo),0.02,18.93,24.61
2024-06-12,Passo Fundo-RS (Trigo),0.01,17.84,24.01
2024-06-13,Passo Fundo-RS (Trigo),0.05,17.35,24.47
2024-06-14,Passo Fundo-RS (Trigo),0.0,18.53,24.23
2024-06-15,Passo Fundo-RS (Trigo),25.82,17.96,19.4
2024-06-16,Passo Fundo-RS (Trigo),48.98,18.24,20.8
2024-06-17,Passo Fundo-RS (Trigo),12.92,18.66,22.7
2024-06-18,Passo Fundo-RS (Trigo),22.9,19.01,22.42
2024-06-19,Passo Fundo-RS (Trigo),16.92,18.7,23.08
2024-06-20,Passo Fundo-RS (Trigo),14.42,18.13,22.62
2024-06-21,Passo Fundo-RS (Trigo),12.0,17.87,22.34
2024-06-22,Passo Fundo-RS (Trigo),0.2,18.08,24.25
2024-06-23,Passo Fundo-RS (Trigo),3.8,19.4,22.98
2024-06-24,Passo Fundo-RS (Trigo),24.8,12.8,18.58
2024-06-25,Passo Fundo-RS (Trigo),15.77,9.54,13.14
2024-06-26,Passo Fundo-RS (Trigo),12.1,9.88,11.24
2024-06-27,Passo Fundo-RS (Trigo),0.03,8.45,14.14
2024-06-28,Passo Fundo-RS (Trigo),0.18,10.63,15.37
2024-06-29,Passo Fundo-RS (Trigo),0.01,5.11,8.87
2024-06-30,Passo Fundo-RS (Trigo),0.0,3.63,9.76
2024-07-01,Passo Fundo-RS (Trigo),0.01,7.85,16.65
2024-07-02,Passo Fundo-RS (Trigo),0.09,11.04,19.84
2024-07-03,Passo Fundo-RS (Trigo),1.07,15.58,19.57
2024-07-04,Passo Fundo-RS (Trigo),0.28,15.61,20.24
2024-07-05,Passo Fundo-RS (Trigo),3.48,9.7,14.03
2024-07-06,Passo Fundo-RS (Trigo),4.87,6.93,11.98
2024-07-07,Passo Fundo-RS (Trigo),8.41,7.39,10.57
2024-07-08,Passo Fundo-RS (Trigo),0.17,6.28,10.25
2024-07-09,Passo Fundo-RS (Trigo),5.63,4.57,8.64
2024-07-10,Passo Fundo-RS (Trigo),1.81,4.92,6.54
2024-07-11,Passo Fundo-RS (Trigo),4.3,7.53,11.9
2024-07-12,Passo Fundo-RS (Trigo),0.73,6.97,10.1
2024-07-13,Passo Fundo-RS (Trigo),15.05,8.09,10.78
2024-07-14,Passo Fundo-RS (Trigo),4.11,9.91,12.75
2024-07-15,Passo Fundo-RS (Trigo),2.71,11.96,16.15
2024-07-16,Passo Fundo-RS (Trigo),0.2,13.05,17.29
2024-07-17,Passo Fundo-RS (Trigo),0.15,12.89,17.14
2024-07-18,Passo Fundo-RS (Trigo),0.27,12.83,21.04
2024-07-19,Passo Fundo-RS (Trigo),0.05,15.6,22.66
2024-07-20,Passo Fundo-RS (Trigo),0.12,14.83,20.69
2024-07-21,Passo Fundo-RS (Trigo),0.16,15.64,21.86
2024-07-22,Passo Fundo-RS (Trigo),0.05,17.55,24.47
2024-07-23,Passo Fundo-RS (Trigo),0.0,15.91,22.57
2024-07-24,Passo Fundo-RS (Trigo),0.0,15.57,22.63
2024-07-25,Passo Fundo-RS (Trigo),0.01,16.42,22.38
2024-07-26,Passo Fundo-RS (Trigo),0.0,17.02,21.62
2024-07-27,Passo Fundo-RS (Trigo),2.46,16.94,21.05
2024-07-28,Passo Fundo-RS (Trigo),2.29,16.07,21.6
2024-07-29,Passo Fundo-RS (Trigo),2.39,9.86,13.29
2024-07-30,Passo Fundo-RS (Trigo),0.06,11.56,17.79
2024-07-31,Passo Fundo-RS (Trigo),0.01,13.94,20.51
2024-08-01,Passo Fundo-RS (Trigo),0.01,17.3,24.32
2024-08-02,Passo Fundo-RS (Trigo),0.0,17.66,23.98
2024-08-03,Passo Fundo-RS (Trigo),0.08,18.51,24.76
2024-08-04,Passo Fundo-RS (Trigo),7.42,17.93,19.94
2024-08-05,Passo Fundo-RS (Trigo),3.8,19.32,24.47
2024-08-06,Passo Fundo-RS (Trigo),4.83,19.53,24.83
2024-08-07,Passo Fundo-RS (Trigo),12.39,17.09,20.47
2024-08-08,Passo Fundo-RS (Trigo),1.82,12.14,14.98
2024-08-09,Passo Fundo-RS (Trigo),0.04,6.22,10.34
2024-08-10,Passo Fundo-RS (Trigo),0.06,7.54,13.33
2024-08-11,Passo Fundo-RS (Trigo),0.01,7.37,13.98
2024-08-12,Passo Fundo-RS (Trigo),0.0,5.3,11.0
2024-08-13,Passo Fundo-RS (Trigo),0.05,6.14,14.38
2024-08-14,Passo Fundo-RS (Trigo),0.04,10.92,19.93
2024-08-15,Passo Fundo-RS (Trigo),0.01,14.59,23.3
2024-08-16,Passo Fundo-RS (Trigo),0.01,17.89,24.29
2024-08-17,Passo Fundo-RS (Trigo),0.0,19.39,24.21
2024-08-18,Passo Fundo-RS (Trigo),0.01,20.73,25.67
2024-08-19,Passo Fundo-RS (Trigo),0.07,20.74,27.21
2024-08-20,Passo Fundo-RS (Trigo),0.91,19.21,22.43
2024-08-21,Passo Fundo-RS (Trigo),0.02,19.63,24.56
2024-08-22,Passo Fundo-RS (Trigo),17.83,17.59,23.77
2024-08-23,Passo Fundo-RS (Trigo),12.49,11.37,14.12
2024-08-24,Passo Fundo-RS (Trigo),1.11,8.03,12.17
2024-08-25,Passo Fundo-RS (Trigo),0.01,5.84,11.25
2024-08-26,Passo Fundo-RS (Trigo),0.01,6.88,14.39
2024-08-27,Passo Fundo-RS (Trigo),0.06,8.88,17.43
2024-08-28,Passo Fundo-RS (Trigo),0.36,12.87,20.12
2024-08-29,Passo Fundo-RS (Trigo),0.01,17.37,23.83
2024-08-30,Passo Fundo-RS (Trigo),0.01,19.32,27.16
2024-08-31,Passo Fundo-RS (Trigo),0.09,19.03,25.54
2024-09-01,Passo Fundo-RS (Trigo),0.59,13.65,17.82
2024-09-02,Passo Fundo-RS (Trigo),0.01,12.76,19.52
2024-09-03,Passo Fundo-RS (Trigo),0.01,16.42,24.49
2024-09-04,Passo Fundo-RS (Trigo),19.02,16.97,27.43
2024-09-05,Passo Fundo-RS (Trigo),0.35,10.55,16.5
2024-09-06,Passo Fundo-RS (Trigo),0.03,12.7,22.29
2024-09-07,Passo Fundo-RS (Trigo),0.03,18.59,25.61
2024-09-08,Passo Fundo-RS (Trigo),0.02,20.85,27.61
2024-09-09,Passo Fundo-RS (Trigo),0.0,22.04,28.44
2024-09-10,Passo Fundo-RS (Trigo),0.0,22.04,28.0
2024-09-11,Passo Fundo-RS (Trigo),0.03,21.17,27.69
2024-09-12,Passo Fundo-RS (Trigo),15.12,18.68,22.25
2024-09-13,Passo Fundo-RS (Trigo),10.0,18.65,23.61
2024-09-14,Passo Fundo-RS (Trigo),0.26,16.62,21.82
2024-09-15,Passo Fundo-RS (Trigo),0.12,13.44,18.27
2024-09-16,Passo Fundo-RS (Trigo),0.03,15.3,21.27
2024-09-17,Passo Fundo-RS (Trigo),0.04,15.93,23.03
2024-09-18,Passo Fundo-RS (Trigo),0.01,17.24,25.13
2024-09-19,Passo Fundo-RS (Trigo),2.04,19.42,24.97
2024-09-20,Passo Fundo-RS (Trigo),41.77,17.86,20.74
2024-09-21,Passo Fundo-RS (Trigo),0.39,16.96,24.99
2024-09-22,Passo Fundo-RS (Trigo),0.03,22.04,28.93
2024-09-23,Passo Fundo-RS (Trigo),0.36,24.27,29.51
2024-09-24,Passo Fundo-RS (Trigo),1.57,24.61,29.78
2024-09-25,Passo Fundo-RS (Trigo),10.92,23.39,28.46
2024-09-26,Passo Fundo-RS (Trigo),17.77,16.99,19.32
2024-09-27,Passo Fundo-RS (Trigo),0.38,16.49,21.75
2024-09-28,Passo Fundo-RS (Trigo),0.0,17.84,25.22
2024-09-29,Passo Fundo-RS (Trigo),0.0,19.73,28.37
2024-09-30,Passo Fundo-RS (Trigo),0.21,21.43,29.79
2024-10-01,Passo Fundo-RS (Trigo),8.57,23.7,29.99
2024-10-02,Passo Fundo-RS (Trigo),33.41,17.43,21.8
2024-10-03,Passo Fundo-RS (Trigo),0.1,13.09,19.13
2024-10-04,Passo Fundo-RS (Trigo),0.01,14.91,23.46
2024-10-05,Passo Fundo-RS (Trigo),0.1,17.79,26.39
2024-10-06,Passo Fundo-RS (Trigo),0.31,18.65,24.79
2024-10-07,Passo Fundo-RS (Trigo),8.49,18.37,23.91
2024-10-08,Passo Fundo-RS (Trigo),8.1,18.43,21.51
2024-10-09,Passo Fundo-RS (Trigo),17.34,17.23,19.57
2024-10-10,Passo Fundo-RS (Trigo),4.98,17.92,22.4
2024-10-11,Passo Fundo-RS (Trigo),9.63,17.98,20.22
2024-10-12,Passo Fundo-RS (Trigo),0.29,18.35,24.52
2024-10-13,Passo Fundo-RS (Trigo),0.01,20.78,27.74
2024-10-14,Passo Fundo-RS (Trigo),0.08,20.54,25.98
2024-10-15,Passo Fundo-RS (Trigo),14.43,20.37,25.01
2024-10-16,Passo Fundo-RS (Trigo),0.26,19.75,25.79
2024-10-17,Passo Fundo-RS (Trigo),0.0,19.63,27.64
2024-10-18,Passo Fundo-RS (Trigo),0.25,15.15,17.83
2024-10-19,Passo Fundo-RS (Trigo),0.01,18.21,24.53
2024-10-20,Passo Fundo-RS (Trigo),0.0,20.36,27.55
2024-10-21,Passo Fundo-RS (Trigo),0.0,21.88,28.66
2024-10-22,Passo Fundo-RS (Trigo),0.0,24.3,29.88
2024-10-23,Passo Fundo-RS (Trigo),2.7,22.86,26.25
2024-10-24,Passo Fundo-RS (Trigo),32.38,21.7,28.58
2024-10-25,Passo Fundo-RS (Trigo),1.31,18.9,24.6
2024-10-26,Passo Fundo-RS (Trigo),0.0,16.27,21.38
2024-10-27,Passo Fundo-RS (Trigo),0.0,15.67,23.8
2024-10-28,Passo Fundo-RS (Trigo),0.0,19.58,27.66
2024-10-29,Passo Fundo-RS (Trigo),0.0,20.99,28.48
2024-10-30,Passo Fundo-RS (Trigo),0.0,21.89,29.08
2024-10-31,Passo Fundo-RS (Trigo),0.0,22.71,29.25
2024-11-01,Passo Fundo-RS (Trigo),0.59,22.3,28.73
2024-11-02,Passo Fundo-RS (Trigo),10.22,21.2,24.46
2024-11-03,Passo Fundo-RS (Trigo),4.63,21.89,27.57
2024-11-04,Passo Fundo-RS (Trigo),0.08,22.29,28.61
2024-11-05,Passo Fundo-RS (Trigo),0.24,23.13,29.26
2024-11-06,Passo Fundo-RS (Trigo),1.94,22.79,29.26
2024-11-07,Passo Fundo-RS (Trigo),4.8,21.7,24.52
2024-11-08,Passo Fundo-RS (Trigo),0.27,19.73,24.56
2024-11-09,Passo Fundo-RS (Trigo),0.02,17.64,23.96
2024-11-10,Passo Fundo-RS (Trigo),0.0,20.82,28.8
2024-11-11,Passo Fundo-RS (Trigo),2.71,22.39,30.26
2024-11-12,Passo Fundo-RS (Trigo),0.1,15.38,20.6
2024-11-13,Passo Fundo-RS (Trigo),0.0,15.38,22.7
2024-11-14,Passo Fundo-RS (Trigo),0.0,18.14,26.11
2024-11-15,Passo Fundo-RS (Trigo),0.0,21.06,27.12
2024-11-16,Passo Fundo-RS (Trigo),0.0,23.78,30.44
2024-11-17,Passo Fundo-RS (Trigo),0.08,24.81,30.9
2024-11-18,Passo Fundo-RS (Trigo),1.98,24.46,29.68
2024-11-19,Passo Fundo-RS (Trigo),6.93,20.87,26.02
2024-11-20,Passo Fundo-RS (Trigo),8.58,19.89,23.7
2024-11-21,Passo Fundo-RS (Trigo),0.73,20.44,26.17
2024-11-22,Passo Fundo-RS (Trigo),0.38,21.14,27.64
2024-11-23,Passo Fundo-RS (Trigo),0.02,21.8,27.56
2024-11-24,Passo Fundo-RS (Trigo),0.0,22.23,28.99
2024-11-25,Passo Fundo-RS (Trigo),0.0,23.16,28.83
2024-11-26,Passo Fundo-RS (Trigo),0.02,24.98,30.65
2024-11-27,Passo Fundo-RS (Trigo),5.49,24.6,29.87
2024-11-28,Passo Fundo-RS (Trigo),4.74,23.03,27.28
2024-11-29,Passo Fundo-RS (Trigo),2.78,23.01,28.78
2024-11-30,Passo Fundo-RS (Trigo),0.01,23.1,29.43
2024-12-01,Passo Fundo-RS (Trigo),5.93,23.88,29.7
2024-12-02,Passo Fundo-RS (Trigo),23.47,18.81,24.16
2024-12-03,Passo Fundo-RS (Trigo),0.03,17.88,24.78
2024-12-04,Passo Fundo-RS (Trigo),0.07,19.44,27.88
2024-12-05,Passo Fundo-RS (Trigo),0.31,23.16,29.68
2024-12-06,Passo Fundo-RS (Trigo),1.68,25.0,29.98
2024-12-07,Passo Fundo-RS (Trigo),41.76,18.11,23.27
2024-12-08,Passo Fundo-RS (Trigo),0.14,17.24,22.12
2024-12-09,Passo Fundo-RS (Trigo),1.03,19.56,27.01
2024-12-10,Passo Fundo-RS (Trigo),0.15,20.61,26.61
2024-12-11,Passo Fundo-RS (Trigo),0.03,21.54,27.77
2024-12-12,Passo Fundo-RS (Trigo),0.0,22.46,27.88
2024-12-13,Passo Fundo-RS (Trigo),8.36,21.28,23.72
2024-12-14,Passo Fundo-RS (Trigo),4.38,22.5,27.19
2024-12-15,Passo Fundo-RS (Trigo),1.94,19.8,24.52
2024-12-16,Passo Fundo-RS (Trigo),4.92,18.67,23.81
2024-12-17,Passo Fundo-RS (Trigo),0.44,19.39,26.05
2024-12-18,Passo Fundo-RS (Trigo),0.02,21.88,28.39
2024-12-19,Passo Fundo-RS (Trigo),14.26,21.69,26.74
2024-12-20,Passo Fundo-RS (Trigo),0.43,22.91,27.5
2024-12-21,Passo Fundo-RS (Trigo),1.57,22.86,28.77
2024-12-22,Passo Fundo-RS (Trigo),1.65,18.41,23.69
2024-12-23,Passo Fundo-RS (Trigo),0.11,19.37,26.76
2024-12-24,Passo Fundo-RS (Trigo),0.99,22.05,28.21
2024-12-25,Passo Fundo-RS (Trigo),4.11,19.78,24.9
2024-12-26,Passo Fundo-RS (Trigo),0.0,18.52,24.77
2024-12-27,Passo Fundo-RS (Trigo),0.0,19.83,25.67
2024-12-28,Passo Fundo-RS (Trigo),0.0,20.65,26.96
2024-12-29,Passo Fundo-RS (Trigo),0.0,21.18,27.5
2024-12-30,Passo Fundo-RS (Trigo),2.93,22.39,28.08
2024-12-31,Passo Fundo-RS (Trigo),2.19,22.44,28.34
2024-01-01,Ribeirao Preto-SP (Cana),5.38,24.02,29.78
2024-01-02,Ribeirao Preto-SP (Cana),1.11,25.4,31.39
2024-01-03,Ribeirao Preto-SP (Cana),13.13,25.28,29.4
2024-01-04,Ribeirao Preto-SP (Cana),5.99,25.22,31.36
2024-01-05,Ribeirao Preto-SP (Cana),0.06,25.88,32.82
2024-01-06,Ribeirao Preto-SP (Cana),0.02,27.33,34.03
2024-01-07,Ribeirao Preto-SP (Cana),1.16,28.36,34.53
2024-01-08,Ribeirao Preto-SP (Cana),5.36,27.51,34.44
2024-01-09,Ribeirao Preto-SP (Cana),1.13,26.96,33.57
2024-01-10,Ribeirao Preto-SP (Cana),5.06,26.77,34.32
2024-01-11,Ribeirao Preto-SP (Cana),1.43,26.94,34.35
2024-01-12,Ribeirao Preto-SP (Cana),3.06,27.06,33.67
2024-01-13,Ribeirao Preto-SP (Cana),17.82,26.03,32.04
2024-01-14,Ribeirao Preto-SP (Cana),18.83,24.7,28.98
2024-01-15,Ribeirao Preto-SP (Cana),2.58,25.27,30.79
2024-01-16,Ribeirao Preto-SP (Cana),0.38,27.3,34.35
2024-01-17,Ribeirao Preto-SP (Cana),0.24,28.55,34.47
2024-01-18,Ribeirao Preto-SP (Cana),2.42,28.54,34.15
2024-01-19,Ribeirao Preto-SP (Cana),3.65,28.68,34.96
2024-01-20,Ribeirao Preto-SP (Cana),3.9,27.51,33.89
2024-01-21,Ribeirao Preto-SP (Cana),4.66,26.24,31.55
2024-01-22,Ribeirao Preto-SP (Cana),0.23,25.74,33.73
2024-01-23,Ribeirao Preto-SP (Cana),10.34,24.62,30.0
2024-01-24,Ribeirao Preto-SP (Cana),0.86,24.88,32.28
2024-01-25,Ribeirao Preto-SP (Cana),0.09,23.99,31.07
2024-01-26,Ribeirao Preto-SP (Cana),0.08,24.03,32.18
2024-01-27,Ribeirao Preto-SP (Cana),0.23,24.79,32.85
2024-01-28,Ribeirao Preto-SP (Cana),2.1,25.97,32.99
2024-01-29,Ribeirao Preto-SP (Cana),4.04,26.44,34.07
2024-01-30,Ribeirao Preto-SP (Cana),0.1,26.46,33.41
2024-01-31,Ribeirao Preto-SP (Cana),2.82,26.24,33.53
2024-02-01,Ribeirao Preto-SP (Cana),6.64,25.67,34.12
2024-02-02,Ribeirao Preto-SP (Cana),0.68,25.1,32.49
2024-02-03,Ribeirao Preto-SP (Cana),2.36,25.6,32.06
2024-02-04,Ribeirao Preto-SP (Cana),4.67,23.87,27.95
2024-02-05,Ribeirao Preto-SP (Cana),2.24,24.57,30.62
2024-02-06,Ribeirao Preto-SP (Cana),0.92,25.2,30.15
2024-02-07,Ribeirao Preto-SP (Cana),4.8,24.39,27.85
2024-02-08,Ribeirao Preto-SP (Cana),2.4,25.39,31.2
2024-02-09,Ribeirao Preto-SP (Cana),0.03,26.68,34.96
2024-02-10,Ribeirao Preto-SP (Cana),0.0,26.44,34.19
2024-02-11,Ribeirao Preto-SP (Cana),0.14,27.14,34.82
2024-02-12,Ribeirao Preto-SP (Cana),1.19,27.52,34.08
2024-02-13,Ribeirao Preto-SP (Cana),3.81,27.78,34.15
2024-02-14,Ribeirao Preto-SP (Cana),8.11,26.01,31.55
2024-02-15,Ribeirao Preto-SP (Cana),5.92,24.01,28.26
2024-02-16,Ribeirao Preto-SP (Cana),7.21,25.36,31.97
2024-02-17,Ribeirao Preto-SP (Cana),2.48,26.14,33.28
2024-02-18,Ribeirao Preto-SP (Cana),0.88,25.83,33.66
2024-02-19,Ribeirao Preto-SP (Cana),10.67,25.08,30.98
2024-02-20,Ribeirao Preto-SP (Cana),5.74,25.38,31.18
2024-02-21,Ribeirao Preto-SP (Cana),12.81,24.98,31.46
2024-02-22,Ribeirao Preto-SP (Cana),2.14,25.98,32.63
2024-02-23,Ribeirao Preto-SP (Cana),3.62,26.09,32.05
2024-02-24,Ribeirao Preto-SP (Cana),2.87,25.87,30.86
2024-02-25,Ribeirao Preto-SP (Cana),0.4,27.21,34.33
2024-02-26,Ribeirao Preto-SP (Cana),0.89,27.11,33.7
2024-02-27,Ribeirao Preto-SP (Cana),0.03,28.24,35.01
2024-02-28,Ribeirao Preto-SP (Cana),0.07,29.09,36.15
2024-02-29,Ribeirao Preto-SP (Cana),0.48,29.09,35.98
2024-03-01,Ribeirao Preto-SP (Cana),4.12,27.84,35.07
2024-03-02,Ribeirao Preto-SP (Cana),0.88,26.97,33.93
2024-03-03,Ribeirao Preto-SP (Cana),0.25,27.43,35.59
2024-03-04,Ribeirao Preto-SP (Cana),0.74,28.02,35.94
2024-03-05,Ribeirao Preto-SP (Cana),5.12,27.21,34.55
2024-03-06,Ribeirao Preto-SP (Cana),9.77,26.2,32.28
2024-03-07,Ribeirao Preto-SP (Cana),4.89,27.03,33.88
2024-03-08,Ribeirao Preto-SP (Cana),2.29,26.93,32.97
2024-03-09,Ribeirao Preto-SP (Cana),10.33,27.23,32.4
2024-03-10,Ribeirao Preto-SP (Cana),0.46,26.6,32.35
2024-03-11,Ribeirao Preto-SP (Cana),0.82,26.88,34.45
2024-03-12,Ribeirao Preto-SP (Cana),0.99,27.72,35.47
2024-03-13,Ribeirao Preto-SP (Cana),1.97,28.39,35.43
2024-03-14,Ribeirao Preto-SP (Cana),0.25,28.69,35.85
2024-03-15,Ribeirao Preto-SP (Cana),0.01,28.2,36.48
2024-03-16,Ribeirao Preto-SP (Cana),1.2,28.62,36.2
2024-03-17,Ribeirao Preto-SP (Cana),1.41,28.64,36.0
2024-03-18,Ribeirao Preto-SP (Cana),3.4,28.67,35.04
2024-03-19,Ribeirao Preto-SP (Cana),6.49,28.88,35.23
2024-03-20,Ribeirao Preto-SP (Cana),2.52,26.54,31.06
2024-03-21,Ribeirao Preto-SP (Cana),3.66,26.58,32.14
2024-03-22,Ribeirao Preto-SP (Cana),6.94,23.75,28.36
2024-03-23,Ribeirao Preto-SP (Cana),8.69,22.72,28.11
2024-03-24,Ribeirao Preto-SP (Cana),2.65,22.31,27.86
2024-03-25,Ribeirao Preto-SP (Cana),5.94,23.92,29.51
2024-03-26,Ribeirao Preto-SP (Cana),13.41,21.72,24.17
2024-03-27,Ribeirao Preto-SP (Cana),20.78,20.68,23.69
2024-03-28,Ribeirao Preto-SP (Cana),15.94,21.91,25.87
2024-03-29,Ribeirao Preto-SP (Cana),3.23,22.81,27.82
2024-03-30,Ribeirao Preto-SP (Cana),11.04,23.59,27.7
2024-03-31,Ribeirao Preto-SP (Cana),0.21,24.4,29.53
2024-04-01,Ribeirao Preto-SP (Cana),0.06,24.25,29.77
2024-04-02,Ribeirao Preto-SP (Cana),0.51,24.91,29.13
2024-04-03,Ribeirao Preto-SP (Cana),0.95,25.08,30.75
2024-04-04,Ribeirao Preto-SP (Cana),1.2,25.57,31.68
2024-04-05,Ribeirao Preto-SP (Cana),2.27,25.52,31.33
2024-04-06,Ribeirao Preto-SP (Cana),2.09,25.4,31.71
2024-04-07,Ribeirao Preto-SP (Cana),0.61,23.9,30.81
2024-04-08,Ribeirao Preto-SP (Cana),0.27,24.61,31.31
2024-04-09,Ribeirao Preto-SP (Cana),0.33,24.91,31.1
2024-04-10,Ribeirao Preto-SP (Cana),1.37,24.99,31.29
2024-04-11,Ribeirao Preto-SP (Cana),2.8,25.26,31.8
2024-04-12,Ribeirao Preto-SP (Cana),1.64,24.6,31.56
2024-04-13,Ribeirao Preto-SP (Cana),0.22,24.72,31.35
2024-04-14,Ribeirao Preto-SP (Cana),0.68,23.68,28.92
2024-04-15,Ribeirao Preto-SP (Cana),0.4,24.61,31.33
2024-04-16,Ribeirao Preto-SP (Cana),0.26,25.0,32.21
2024-04-17,Ribeirao Preto-SP (Cana),4.61,25.24,32.35
2024-04-18,Ribeirao Preto-SP (Cana),1.58,23.93,30.74
2024-04-19,Ribeirao Preto-SP (Cana),0.01,23.4,31.69
2024-04-20,Ribeirao Preto-SP (Cana),0.18,23.87,31.75
2024-04-21,Ribeirao Preto-SP (Cana),0.03,22.62,31.0
2024-04-22,Ribeirao Preto-SP (Cana),0.01,22.79,30.59
2024-04-23,Ribeirao Preto-SP (Cana),0.03,24.01,31.72
2024-04-24,Ribeirao Preto-SP (Cana),0.1,24.61,32.68
2024-04-25,Ribeirao Preto-SP (Cana),0.07,25.28,33.48
2024-04-26,Ribeirao Preto-SP (Cana),0.02,25.36,33.36
2024-04-27,Ribeirao Preto-SP (Cana),0.0,25.23,33.04
2024-04-28,Ribeirao Preto-SP (Cana),0.01,25.5,33.06
2024-04-29,Ribeirao Preto-SP (Cana),0.01,24.69,33.05
2024-04-30,Ribeirao Preto-SP (Cana),0.03,25.46,33.44
2024-05-01,Ribeirao Preto-SP (Cana),0.06,25.43,33.7
2024-05-02,Ribeirao Preto-SP (Cana),0.0,25.36,33.87
2024-05-03,Ribeirao Preto-SP (Cana),0.01,25.37,33.42
2024-05-04,Ribeirao Preto-SP (Cana),0.0,25.19,34.15
2024-05-05,Ribeirao Preto-SP (Cana),0.0,24.58,33.44
2024-05-06,Ribeirao Preto-SP (Cana),0.0,24.46,33.28
2024-05-07,Ribeirao Preto-SP (Cana),0.0,25.5,33.86
2024-05-08,Ribeirao Preto-SP (Cana),0.0,25.18,33.3
2024-05-09,Ribeirao Preto-SP (Cana),0.0,24.54,32.83
2024-05-10,Ribeirao Preto-SP (Cana),0.06,24.57,33.38
2024-05-11,Ribeirao Preto-SP (Cana),0.01,25.06,33.65
2024-05-12,Ribeirao Preto-SP (Cana),0.0,24.83,33.13
2024-05-13,Ribeirao Preto-SP (Cana),0.02,23.93,33.03
2024-05-14,Ribeirao Preto-SP (Cana),0.03,24.41,32.67
2024-05-15,Ribeirao Preto-SP (Cana),0.01,24.7,32.85
2024-05-16,Ribeirao Preto-SP (Cana),0.0,25.74,33.76
2024-05-17,Ribeirao Preto-SP (Cana),0.0,25.12,33.53
2024-05-18,Ribeirao Preto-SP (Cana),0.01,25.33,33.54
2024-05-19,Ribeirao Preto-SP (Cana),0.0,25.24,33.46
2024-05-20,Ribeirao Preto-SP (Cana),0.0,25.21,33.29
2024-05-21,Ribeirao Preto-SP (Cana),0.01,24.4,32.5
2024-05-22,Ribeirao Preto-SP (Cana),0.06,23.67,31.92
2024-05-23,Ribeirao Preto-SP (Cana),0.0,23.42,31.58
2024-05-24,Ribeirao Preto-SP (Cana),0.09,23.97,32.89
2024-05-25,Ribeirao Preto-SP (Cana),0.65,21.89,29.12
2024-05-26,Ribeirao Preto-SP (Cana),4.57,21.89,30.58
2024-05-27,Ribeirao Preto-SP (Cana),2.33,22.17,30.22
2024-05-28,Ribeirao Preto-SP (Cana),0.33,19.72,26.38
2024-05-29,Ribeirao Preto-SP (Cana),0.0,17.37,26.31
2024-05-30,Ribeirao Preto-SP (Cana),0.04,16.24,26.51
2024-05-31,Ribeirao Preto-SP (Cana),0.02,17.55,28.5
2024-06-01,Ribeirao Preto-SP (Cana),0.0,19.31,28.52
2024-06-02,Ribeirao Preto-SP (Cana),0.04,21.07,29.14
2024-06-03,Ribeirao Preto-SP (Cana),0.0,21.71,28.86
2024-06-04,Ribeirao Preto-SP (Cana),0.01,21.3,29.8
2024-06-05,Ribeirao Preto-SP (Cana),0.14,21.31,29.71
2024-06-06,Ribeirao Preto-SP (Cana),0.0,21.36,29.85
2024-06-07,Ribeirao Preto-SP (Cana),0.0,22.18,30.5
2024-06-08,Ribeirao Preto-SP (Cana),0.01,22.27,30.99
2024-06-09,Ribeirao Preto-SP (Cana),0.01,22.35,31.35
2024-06-10,Ribeirao Preto-SP (Cana),0.03,22.83,31.4
2024-06-11,Ribeirao Preto-SP (Cana),0.0,22.1,31.11
2024-06-12,Ribeirao Preto-SP (Cana),0.01,21.81,31.18
2024-06-13,Ribeirao Preto-SP (Cana),0.01,21.41,30.69
2024-06-14,Ribeirao Preto-SP (Cana),0.0,21.66,30.78
2024-06-15,Ribeirao Preto-SP (Cana),0.0,22.89,31.29
2024-06-16,Ribeirao Preto-SP (Cana),0.0,22.05,31.06
2024-06-17,Ribeirao Preto-SP (Cana),0.0,21.02,29.76
2024-06-18,Ribeirao Preto-SP (Cana),0.0,21.21,30.08
2024-06-19,Ribeirao Preto-SP (Cana),0.01,21.58,30.81
2024-06-20,Ribeirao Preto-SP (Cana),0.01,21.35,30.31
2024-06-21,Ribeirao Preto-SP (Cana),0.03,21.29,30.02
2024-06-22,Ribeirao Preto-SP (Cana),0.0,22.32,30.27
2024-06-23,Ribeirao Preto-SP (Cana),0.0,23.12,30.57
2024-06-24,Ribeirao Preto-SP (Cana),0.0,23.0,31.66
2024-06-25,Ribeirao Preto-SP (Cana),0.0,24.26,31.96
2024-06-26,Ribeirao Preto-SP (Cana),0.01,24.22,31.9
2024-06-27,Ribeirao Preto-SP (Cana),0.03,23.1,30.04
2024-06-28,Ribeirao Preto-SP (Cana),0.01,22.89,30.88
2024-06-29,Ribeirao Preto-SP (Cana),0.1,22.74,29.64
2024-06-30,Ribeirao Preto-SP (Cana),0.31,21.83,29.06
2024-07-01,Ribeirao Preto-SP (Cana),1.05,20.55,27.67
2024-07-02,Ribeirao Preto-SP (Cana),0.01,20.9,29.39
2024-07-03,Ribeirao Preto-SP (Cana),0.01,22.16,30.01
2024-07-04,Ribeirao Preto-SP (Cana),0.0,21.6,30.34
2024-07-05,Ribeirao Preto-SP (Cana),0.0,21.69,30.02
2024-07-06,Ribeirao Preto-SP (Cana),0.0,22.59,30.44
2024-07-07,Ribeirao Preto-SP (Cana),0.05,22.47,31.12
2024-07-08,Ribeirao Preto-SP (Cana),0.01,22.77,30.42
2024-07-09,Ribeirao Preto-SP (Cana),0.45,22.32,30.93
2024-07-10,Ribeirao Preto-SP (Cana),0.37,21.54,29.47
2024-07-11,Ribeirao Preto-SP (Cana),0.05,24.53,33.26
2024-07-12,Ribeirao Preto-SP (Cana),0.0,23.76,31.61
2024-07-13,Ribeirao Preto-SP (Cana),0.05,22.3,29.87
2024-07-14,Ribeirao Preto-SP (Cana),0.0,22.29,29.72
2024-07-15,Ribeirao Preto-SP (Cana),0.0,21.5,29.52
2024-07-16,Ribeirao Preto-SP (Cana),0.07,20.94,29.65
2024-07-17,Ribeirao Preto-SP (Cana),0.03,21.08,30.03
2024-07-18,Ribeirao Preto-SP (Cana),0.18,21.28,30.34
2024-07-19,Ribeirao Preto-SP (Cana),0.0,20.77,30.7
2024-07-20,Ribeirao Preto-SP (Cana),0.02,21.3,31.12
2024-07-21,Ribeirao Preto-SP (Cana),0.11,20.63,30.1
2024-07-22,Ribeirao Preto-SP (Cana),0.03,21.27,30.79
2024-07-23,Ribeirao Preto-SP (Cana),0.0,20.96,30.79
2024-07-24,Ribeirao Preto-SP (Cana),0.0,21.18,30.85
2024-07-25,Ribeirao Preto-SP (Cana),0.03,21.65,29.74
2024-07-26,Ribeirao Preto-SP (Cana),0.01,21.55,29.26
2024-07-27,Ribeirao Preto-SP (Cana),0.01,22.48,31.29
2024-07-28,Ribeirao Preto-SP (Cana),0.0,23.44,32.47
2024-07-29,Ribeirao Preto-SP (Cana),0.06,23.46,31.86
2024-07-30,Ribeirao Preto-SP (Cana),0.02,21.95,31.24
2024-07-31,Ribeirao Preto-SP (Cana),0.0,22.72,30.66
2024-08-01,Ribeirao Preto-SP (Cana),0.01,22.53,30.14
2024-08-02,Ribeirao Preto-SP (Cana),0.06,22.22,29.41
2024-08-03,Ribeirao Preto-SP (Cana),0.0,22.61,30.38
2024-08-04,Ribeirao Preto-SP (Cana),0.22,23.16,29.42
2024-08-05,Ribeirao Preto-SP (Cana),0.01,23.88,31.6
2024-08-06,Ribeirao Preto-SP (Cana),0.02,24.03,31.47
2024-08-07,Ribeirao Preto-SP (Cana),0.06,23.22,31.13
2024-08-08,Ribeirao Preto-SP (Cana),0.16,24.17,32.92
2024-08-09,Ribeirao Preto-SP (Cana),0.4,23.54,30.97
2024-08-10,Ribeirao Preto-SP (Cana),4.42,14.94,21.65
2024-08-11,Ribeirao Preto-SP (Cana),0.01,15.77,26.84
2024-08-12,Ribeirao Preto-SP (Cana),0.01,15.96,26.23
2024-08-13,Ribeirao Preto-SP (Cana),0.0,16.69,27.97
2024-08-14,Ribeirao Preto-SP (Cana),0.0,20.14,32.35
2024-08-15,Ribeirao Preto-SP (Cana),0.02,23.44,33.62
2024-08-16,Ribeirao Preto-SP (Cana),0.02,24.81,34.87
2024-08-17,Ribeirao Preto-SP (Cana),0.01,24.89,34.92
2024-08-18,Ribeirao Preto-SP (Cana),0.0,25.15,35.06
2024-08-19,Ribeirao Preto-SP (Cana),0.02,25.7,35.18
2024-08-20,Ribeirao Preto-SP (Cana),0.0,26.29,35.22
2024-08-21,Ribeirao Preto-SP (Cana),0.05,24.56,34.59
2024-08-22,Ribeirao Preto-SP (Cana),0.17,24.9,34.95
2024-08-23,Ribeirao Preto-SP (Cana),0.02,25.84,34.92
2024-08-24,Ribeirao Preto-SP (Cana),0.08,25.66,34.7
2024-08-25,Ribeirao Preto-SP (Cana),4.27,17.8,21.99
2024-08-26,Ribeirao Preto-SP (Cana),0.31,17.23,25.09
2024-08-27,Ribeirao Preto-SP (Cana),0.06,18.43,31.07
2024-08-28,Ribeirao Preto-SP (Cana),0.01,22.31,33.3
2024-08-29,Ribeirao Preto-SP (Cana),0.04,23.89,33.28
2024-08-30,Ribeirao Preto-SP (Cana),0.03,24.06,34.08
2024-08-31,Ribeirao Preto-SP (Cana),0.0,24.22,34.79
2024-09-01,Ribeirao Preto-SP (Cana),0.0,25.15,36.09
2024-09-02,Ribeirao Preto-SP (Cana),0.0,26.6,35.61
2024-09-03,Ribeirao Preto-SP (Cana),0.0,26.69,36.57
2024-09-04,Ribeirao Preto-SP (Cana),0.0,27.08,36.74
2024-09-05,Ribeirao Preto-SP (Cana),0.0,27.38,37.81
2024-09-06,Ribeirao Preto-SP (Cana),0.1,25.9,37.18
2024-09-07,Ribeirao Preto-SP (Cana),0.07,27.8,37.01
2024-09-08,Ribeirao Preto-SP (Cana),0.0,27.7,36.42
2024-09-09,Ribeirao Preto-SP (Cana),0.0,26.66,35.94
2024-09-10,Ribeirao Preto-SP (Cana),0.01,26.51,36.09
2024-09-11,Ribeirao Preto-SP (Cana),0.0,26.8,36.04
2024-09-12,Ribeirao Preto-SP (Cana),0.0,26.5,35.96
2024-09-13,Ribeirao Preto-SP (Cana),0.0,27.43,36.49
2024-09-14,Ribeirao Preto-SP (Cana),0.03,28.05,36.79
2024-09-15,Ribeirao Preto-SP (Cana),0.0,27.83,37.03
2024-09-16,Ribeirao Preto-SP (Cana),0.01,25.99,34.56
2024-09-17,Ribeirao Preto-SP (Cana),0.01,24.42,34.56
2024-09-18,Ribeirao Preto-SP (Cana),0.0,26.85,36.6
2024-09-19,Ribeirao Preto-SP (Cana),3.05,28.74,37.13
2024-09-20,Ribeirao Preto-SP (Cana),1.31,29.69,37.66
2024-09-21,Ribeirao Preto-SP (Cana),0.96,28.6,35.63
2024-09-22,Ribeirao Preto-SP (Cana),0.02,27.97,37.09
2024-09-23,Ribeirao Preto-SP (Cana),0.0,29.05,37.71
2024-09-24,Ribeirao Preto-SP (Cana),0.0,29.58,38.11
2024-09-25,Ribeirao Preto-SP (Cana),0.0,29.63,38.21
2024-09-26,Ribeirao Preto-SP (Cana),0.0,30.15,38.89
2024-09-27,Ribeirao Preto-SP (Cana),0.04,29.51,37.71
2024-09-28,Ribeirao Preto-SP (Cana),0.01,27.53,36.73
2024-09-29,Ribeirao Preto-SP (Cana),0.02,29.22,37.82
2024-09-30,Ribeirao Preto-SP (Cana),0.0,29.16,36.89
2024-10-01,Ribeirao Preto-SP (Cana),0.0,29.64,37.55
2024-10-02,Ribeirao Preto-SP (Cana),0.01,30.97,39.59
2024-10-03,Ribeirao Preto-SP (Cana),0.0,30.06,38.95
2024-10-04,Ribeirao Preto-SP (Cana),0.0,27.71,37.84
2024-10-05,Ribeirao Preto-SP (Cana),0.0,27.19,37.32
2024-10-06,Ribeirao Preto-SP (Cana),0.01,28.28,39.01
2024-10-07,Ribeirao Preto-SP (Cana),0.01,28.63,39.08
2024-10-08,Ribeirao Preto-SP (Cana),0.0,29.92,38.86
2024-10-09,Ribeirao Preto-SP (Cana),0.04,29.89,39.35
2024-10-10,Ribeirao Preto-SP (Cana),7.34,26.19,32.44
2024-10-11,Ribeirao Preto-SP (Cana),9.27,28.06,35.88
2024-10-12,Ribeirao Preto-SP (Cana),1.09,25.78,32.64
2024-10-13,Ribeirao Preto-SP (Cana),0.0,26.35,34.74
2024-10-14,Ribeirao Preto-SP (Cana),0.28,27.63,35.56
2024-10-15,Ribeirao Preto-SP (Cana),0.14,25.79,31.74
2024-10-16,Ribeirao Preto-SP (Cana),0.19,27.34,33.71
2024-10-17,Ribeirao Preto-SP (Cana),0.69,29.03,36.52
2024-10-18,Ribeirao Preto-SP (Cana),5.0,27.04,34.73
2024-10-19,Ribeirao Preto-SP (Cana),22.55,24.45,30.55
2024-10-20,Ribeirao Preto-SP (Cana),28.04,22.21,25.18
2024-10-21,Ribeirao Preto-SP (Cana),6.71,23.69,28.9
2024-10-22,Ribeirao Preto-SP (Cana),0.27,24.87,29.63
2024-10-23,Ribeirao Preto-SP (Cana),2.88,24.99,30.35
2024-10-24,Ribeirao Preto-SP (Cana),6.11,25.18,30.55
2024-10-25,Ribeirao Preto-SP (Cana),40.09,24.24,27.74
2024-10-26,Ribeirao Preto-SP (Cana),12.54,24.6,27.27
2024-10-27,Ribeirao Preto-SP (Cana),25.09,24.26,27.78
2024-10-28,Ribeirao Preto-SP (Cana),5.34,23.31,27.96
2024-10-29,Ribeirao Preto-SP (Cana),10.63,23.37,27.59
2024-10-30,Ribeirao Preto-SP (Cana),0.35,23.55,29.52
2024-10-31,Ribeirao Preto-SP (Cana),0.0,23.51,29.31
2024-11-01,Ribeirao Preto-SP (Cana),0.0,23.93,29.06
2024-11-02,Ribeirao Preto-SP (Cana),9.53,22.99,26.61
2024-11-03,Ribeirao Preto-SP (Cana),10.46,22.5,25.57
2024-11-04,Ribeirao Preto-SP (Cana),24.14,22.35,25.54
2024-11-05,Ribeirao Preto-SP (Cana),8.0,22.16,25.32
2024-11-06,Ribeirao Preto-SP (Cana),8.12,23.35,28.45
2024-11-07,Ribeirao Preto-SP (Cana),24.39,22.21,24.86
2024-11-08,Ribeirao Preto-SP (Cana),15.51,22.33,25.69
2024-11-09,Ribeirao Preto-SP (Cana),6.04,23.21,27.71
2024-11-10,Ribeirao Preto-SP (Cana),0.16,23.3,29.65
2024-11-11,Ribeirao Preto-SP (Cana),0.08,23.88,29.59
2024-11-12,Ribeirao Preto-SP (Cana),0.16,25.54,30.87
2024-11-13,Ribeirao Preto-SP (Cana),40.54,23.18,26.19
2024-11-14,Ribeirao Preto-SP (Cana),0.79,23.3,28.7
2024-11-15,Ribeirao Preto-SP (Cana),4.55,23.12,27.91
2024-11-16,Ribeirao Preto-SP (Cana),26.29,23.23,26.98
2024-11-17,Ribeirao Preto-SP (Cana),10.01,23.29,28.12
2024-11-18,Ribeirao Preto-SP (Cana),0.2,23.71,29.4
2024-11-19,Ribeirao Preto-SP (Cana),0.87,25.07,30.31
2024-11-20,Ribeirao Preto-SP (Cana),4.26,25.39,29.78
2024-11-21,Ribeirao Preto-SP (Cana),27.49,24.48,28.88
2024-11-22,Ribeirao Preto-SP (Cana),17.23,23.09,27.58
2024-11-23,Ribeirao Preto-SP (Cana),0.16,23.36,28.74
2024-11-24,Ribeirao Preto-SP (Cana),0.01,22.12,27.19
2024-11-25,Ribeirao Preto-SP (Cana),0.01,22.33,28.29
2024-11-26,Ribeirao Preto-SP (Cana),0.02,23.93,29.58
2024-11-27,Ribeirao Preto-SP (Cana),0.0,24.94,30.49
2024-11-28,Ribeirao Preto-SP (Cana),12.6,24.72,29.12
2024-11-29,Ribeirao Preto-SP (Cana),3.37,23.5,26.09
2024-11-30,Ribeirao Preto-SP (Cana),0.39,24.5,28.53
2024-12-01,Ribeirao Preto-SP (Cana),1.43,25.46,30.45
2024-12-02,Ribeirao Preto-SP (Cana),7.22,23.77,27.01
2024-12-03,Ribeirao Preto-SP (Cana),22.96,23.61,27.11
2024-12-04,Ribeirao Preto-SP (Cana),6.7,23.61,27.18
2024-12-05,Ribeirao Preto-SP (Cana),9.66,24.28,28.55
2024-12-06,Ribeirao Preto-SP (Cana),0.37,25.33,29.88
2024-12-07,Ribeirao Preto-SP (Cana),0.03,25.6,31.15
2024-12-08,Ribeirao Preto-SP (Cana),0.38,23.87,29.32
2024-12-09,Ribeirao Preto-SP (Cana),1.56,25.34,30.56
2024-12-10,Ribeirao Preto-SP (Cana),3.45,23.83,26.56
2024-12-11,Ribeirao Preto-SP (Cana),3.65,23.07,28.44
2024-12-12,Ribeirao Preto-SP (Cana),0.58,23.32,28.8
2024-12-13,Ribeirao Preto-SP (Cana),2.82,23.81,28.88
2024-12-14,Ribeirao Preto-SP (Cana),9.56,22.79,26.64
2024-12-15,Ribeirao Preto-SP (Cana),7.49,23.25,28.02
2024-12-16,Ribeirao Preto-SP (Cana),4.59,23.68,28.49
2024-12-17,Ribeirao Preto-SP (Cana),0.37,23.71,28.58
2024-12-18,Ribeirao Preto-SP (Cana),0.48,24.17,29.12
2024-12-19,Ribeirao Preto-SP (Cana),0.61,25.26,30.09
2024-12-20,Ribeirao Preto-SP (Cana),11.05,25.03,29.26
2024-12-21,Ribeirao Preto-SP (Cana),9.55,24.03,27.38
2024-12-22,Ribeirao Preto-SP (Cana),5.69,22.98,26.24
2024-12-23,Ribeirao Preto-SP (Cana),2.85,24.35,28.59
2024-12-24,Ribeirao Preto-SP (Cana),2.16,24.37,28.75
2024-12-25,Ribeirao Preto-SP (Cana),3.66,24.58,29.32
2024-12-26,Ribeirao Preto-SP (Cana),35.39,22.77,25.41
2024-12-27,Ribeirao Preto-SP (Cana),8.7,23.04,26.39
2024-12-28,Ribeirao Preto-SP (Cana),12.49,24.21,28.32
2024-12-29,Ribeirao Preto-SP (Cana),8.69,24.58,29.33
2024-12-30,Ribeirao Preto-SP (Cana),2.64,24.4,29.77
2024-12-31,Ribeirao Preto-SP (Cana),2.03,24.12,29.01
2024-01-01,Rondonopolis-MT (Algodao),11.37,27.87,31.84
2024-01-02,Rondonopolis-MT (Algodao),1.73,28.07,33.22
2024-01-03,Rondonopolis-MT (Algodao),1.41,28.07,31.72
2024-01-04,Rondonopolis-MT (Algodao),5.67,28.89,32.93
2024-01-05,Rondonopolis-MT (Algodao),1.33,28.51,34.02
2024-01-06,Rondonopolis-MT (Algodao),0.97,29.08,35.24
2024-01-07,Rondonopolis-MT (Algodao),0.41,30.47,36.94
2024-01-08,Rondonopolis-MT (Algodao),2.29,29.98,35.54
2024-01-09,Rondonopolis-MT (Algodao),0.29,28.68,33.04
2024-01-10,Rondonopolis-MT (Algodao),4.33,28.84,35.57
2024-01-11,Rondonopolis-MT (Algodao),8.32,26.46,31.52
2024-01-12,Rondonopolis-MT (Algodao),7.72,27.76,33.8
2024-01-13,Rondonopolis-MT (Algodao),3.44,28.89,35.32
2024-01-14,Rondonopolis-MT (Algodao),9.24,28.69,33.66
2024-01-15,Rondonopolis-MT (Algodao),7.71,27.07,31.55
2024-01-16,Rondonopolis-MT (Algodao),0.88,28.93,35.68
2024-01-17,Rondonopolis-MT (Algodao),0.28,30.18,36.51
2024-01-18,Rondonopolis-MT (Algodao),0.92,31.2,38.63
2024-01-19,Rondonopolis-MT (Algodao),3.39,30.47,37.13
2024-01-20,Rondonopolis-MT (Algodao),0.15,31.61,39.05
2024-01-21,Rondonopolis-MT (Algodao),3.08,30.85,36.67
2024-01-22,Rondonopolis-MT (Algodao),3.64,29.3,34.82
2024-01-23,Rondonopolis-MT (Algodao),4.66,28.6,34.31
2024-01-24,Rondonopolis-MT (Algodao),0.31,30.12,36.83
2024-01-25,Rondonopolis-MT (Algodao),0.22,30.32,37.79
2024-01-26,Rondonopolis-MT (Algodao),0.33,29.4,37.88
2024-01-27,Rondonopolis-MT (Algodao),0.05,30.28,38.12
2024-01-28,Rondonopolis-MT (Algodao),0.0,30.17,38.99
2024-01-29,Rondonopolis-MT (Algodao),0.31,30.89,38.94
2024-01-30,Rondonopolis-MT (Algodao),9.32,29.43,35.85
2024-01-31,Rondonopolis-MT (Algodao),0.2,30.88,38.42
2024-02-01,Rondonopolis-MT (Algodao),2.43,31.29,38.27
2024-02-02,Rondonopolis-MT (Algodao),4.76,29.75,36.22
2024-02-03,Rondonopolis-MT (Algodao),0.93,26.18,29.5
2024-02-04,Rondonopolis-MT (Algodao),4.28,26.32,31.08
2024-02-05,Rondonopolis-MT (Algodao),1.98,25.6,29.7
2024-02-06,Rondonopolis-MT (Algodao),1.68,27.66,33.65
2024-02-07,Rondonopolis-MT (Algodao),3.47,30.38,37.65
2024-02-08,Rondonopolis-MT (Algodao),5.96,28.52,31.97
2024-02-09,Rondonopolis-MT (Algodao),2.89,29.74,37.32
2024-02-10,Rondonopolis-MT (Algodao),6.99,28.83,34.1
2024-02-11,Rondonopolis-MT (Algodao),3.43,27.54,34.48
2024-02-12,Rondonopolis-MT (Algodao),0.07,28.73,36.15
2024-02-13,Rondonopolis-MT (Algodao),0.24,30.35,37.43
2024-02-14,Rondonopolis-MT (Algodao),0.71,31.74,38.85
2024-02-15,Rondonopolis-MT (Algodao),3.19,31.49,38.58
2024-02-16,Rondonopolis-MT (Algodao),2.7,31.51,38.13
2024-02-17,Rondonopolis-MT (Algodao),10.96,31.09,37.04
2024-02-18,Rondonopolis-MT (Algodao),1.32,30.23,36.08
2024-02-19,Rondonopolis-MT (Algodao),3.24,27.95,32.71
2024-02-20,Rondonopolis-MT (Algodao),4.3,27.39,33.04
2024-02-21,Rondonopolis-MT (Algodao),2.64,28.87,35.2
2024-02-22,Rondonopolis-MT (Algodao),2.39,30.07,36.47
2024-02-23,Rondonopolis-MT (Algodao),7.22,29.42,36.08
2024-02-24,Rondonopolis-MT (Algodao),1.54,28.4,34.29
2024-02-25,Rondonopolis-MT (Algodao),0.01,30.02,37.38
2024-02-26,Rondonopolis-MT (Algodao),1.3,30.76,38.06
2024-02-27,Rondonopolis-MT (Algodao),1.16,30.44,37.25
2024-02-28,Rondonopolis-MT (Algodao),0.28,30.84,38.77
2024-02-29,Rondonopolis-MT (Algodao),0.01,32.49,40.01
2024-03-01,Rondonopolis-MT (Algodao),0.28,33.12,40.44
2024-03-02,Rondonopolis-MT (Algodao),0.5,33.6,41.21
2024-03-03,Rondonopolis-MT (Algodao),4.88,31.78,38.95
2024-03-04,Rondonopolis-MT (Algodao),7.86,28.83,33.26
2024-03-05,Rondonopolis-MT (Algodao),7.56,27.71,32.61
2024-03-06,Rondonopolis-MT (Algodao),3.08,28.19,33.56
2024-03-07,Rondonopolis-MT (Algodao),2.81,29.98,36.84
2024-03-08,Rondonopolis-MT (Algodao),3.86,30.94,37.11
2024-03-09,Rondonopolis-MT (Algodao),2.99,31.84,38.12
2024-03-10,Rondonopolis-MT (Algodao),5.28,29.84,35.42
2024-03-11,Rondonopolis-MT (Algodao),0.26,31.66,38.59
2024-03-12,Rondonopolis-MT (Algodao),1.47,32.08,38.49
2024-03-13,Rondonopolis-MT (Algodao),2.27,31.97,38.69
2024-03-14,Rondonopolis-MT (Algodao),5.03,30.82,36.45
2024-03-15,Rondonopolis-MT (Algodao),0.05,31.86,38.57
2024-03-16,Rondonopolis-MT (Algodao),1.99,30.61,37.5
2024-03-17,Rondonopolis-MT (Algodao),4.32,31.24,38.67
2024-03-18,Rondonopolis-MT (Algodao),0.9,31.72,38.95
2024-03-19,Rondonopolis-MT (Algodao),6.37,31.94,38.15
2024-03-20,Rondonopolis-MT (Algodao),0.49,31.66,38.62
2024-03-21,Rondonopolis-MT (Algodao),12.4,28.41,32.36
2024-03-22,Rondonopolis-MT (Algodao),14.25,27.88,32.13
2024-03-23,Rondonopolis-MT (Algodao),10.47,27.74,32.3
2024-03-24,Rondonopolis-MT (Algodao),19.97,27.03,30.33
2024-03-25,Rondonopolis-MT (Algodao),16.44,26.45,30.67
2024-03-26,Rondonopolis-MT (Algodao),10.01,25.04,28.2
2024-03-27,Rondonopolis-MT (Algodao),16.07,24.68,27.65
2024-03-28,Rondonopolis-MT (Algodao),10.46,25.86,29.91
2024-03-29,Rondonopolis-MT (Algodao),1.06,27.12,31.83
2024-03-30,Rondonopolis-MT (Algodao),0.6,28.56,33.44
2024-03-31,Rondonopolis-MT (Algodao),0.12,28.46,33.88
2024-04-01,Rondonopolis-MT (Algodao),4.7,28.95,34.03
2024-04-02,Rondonopolis-MT (Algodao),8.06,27.97,31.38
2024-04-03,Rondonopolis-MT (Algodao),2.34,28.59,34.0
2024-04-04,Rondonopolis-MT (Algodao),7.5,28.33,34.02
2024-04-05,Rondonopolis-MT (Algodao),6.87,28.33,33.21
2024-04-06,Rondonopolis-MT (Algodao),0.33,28.61,33.94
2024-04-07,Rondonopolis-MT (Algodao),6.72,28.28,33.12
2024-04-08,Rondonopolis-MT (Algodao),2.86,27.84,32.91
2024-04-09,Rondonopolis-MT (Algodao),8.82,26.49,30.56
2024-04-10,Rondonopolis-MT (Algodao),3.57,27.41,32.17
2024-04-11,Rondonopolis-MT (Algodao),6.17,27.02,30.09
2024-04-12,Rondonopolis-MT (Algodao),13.26,26.71,30.44
2024-04-13,Rondonopolis-MT (Algodao),9.05,26.25,30.4
2024-04-14,Rondonopolis-MT (Algodao),13.37,26.15,30.26
2024-04-15,Rondonopolis-MT (Algodao),2.48,26.66,31.37
2024-04-16,Rondonopolis-MT (Algodao),1.25,26.97,31.77
2024-04-17,Rondonopolis-MT (Algodao),0.14,27.45,32.63
2024-04-18,Rondonopolis-MT (Algodao),9.05,27.3,32.5
2024-04-19,Rondonopolis-MT (Algodao),1.04,27.45,32.86
2024-04-20,Rondonopolis-MT (Algodao),0.61,28.25,33.7
2024-04-21,Rondonopolis-MT (Algodao),0.52,28.35,34.53
2024-04-22,Rondonopolis-MT (Algodao),0.04,26.67,33.68
2024-04-23,Rondonopolis-MT (Algodao),0.01,26.47,34.75
2024-04-24,Rondonopolis-MT (Algodao),0.01,27.26,35.57
2024-04-25,Rondonopolis-MT (Algodao),0.27,28.27,36.26
2024-04-26,Rondonopolis-MT (Algodao),0.13,28.88,36.52
2024-04-27,Rondonopolis-MT (Algodao),0.07,29.16,36.68
2024-04-28,Rondonopolis-MT (Algodao),0.66,29.23,37.13
2024-04-29,Rondonopolis-MT (Algodao),0.0,29.23,37.28
2024-04-30,Rondonopolis-MT (Algodao),0.0,29.7,37.79
2024-05-01,Rondonopolis-MT (Algodao),0.0,29.05,37.31
2024-05-02,Rondonopolis-MT (Algodao),0.09,29.39,37.3
2024-05-03,Rondonopolis-MT (Algodao),0.0,28.68,36.92
2024-05-04,Rondonopolis-MT (Algodao),0.04,29.23,37.51
2024-05-05,Rondonopolis-MT (Algodao),0.0,28.72,37.66
2024-05-06,Rondonopolis-MT (Algodao),0.02,27.52,36.98
2024-05-07,Rondonopolis-MT (Algodao),0.08,28.54,37.56
2024-05-08,Rondonopolis-MT (Algodao),0.01,28.99,37.67
2024-05-09,Rondonopolis-MT (Algodao),0.0,28.74,37.18
2024-05-10,Rondonopolis-MT (Algodao),0.07,27.74,37.37
2024-05-11,Rondonopolis-MT (Algodao),0.03,27.49,36.38
2024-05-12,Rondonopolis-MT (Algodao),0.02,27.41,37.17
2024-05-13,Rondonopolis-MT (Algodao),0.03,28.26,37.03
2024-05-14,Rondonopolis-MT (Algodao),0.0,26.25,34.37
2024-05-15,Rondonopolis-MT (Algodao),0.0,25.17,35.49
2024-05-16,Rondonopolis-MT (Algodao),0.0,27.97,37.43
2024-05-17,Rondonopolis-MT (Algodao),0.37,30.18,37.86
2024-05-18,Rondonopolis-MT (Algodao),0.02,27.96,36.93
2024-05-19,Rondonopolis-MT (Algodao),0.0,27.09,35.46
2024-05-20,Rondonopolis-MT (Algodao),0.0,26.49,35.62
2024-05-21,Rondonopolis-MT (Algodao),0.01,27.76,37.21
2024-05-22,Rondonopolis-MT (Algodao),0.05,29.01,37.4
2024-05-23,Rondonopolis-MT (Algodao),0.0,28.73,37.62
2024-05-24,Rondonopolis-MT (Algodao),0.02,27.48,36.61
2024-05-25,Rondonopolis-MT (Algodao),0.02,24.7,32.06
2024-05-26,Rondonopolis-MT (Algodao),0.05,24.14,32.61
2024-05-27,Rondonopolis-MT (Algodao),0.0,24.44,33.4
2024-05-28,Rondonopolis-MT (Algodao),0.0,21.87,30.43
2024-05-29,Rondonopolis-MT (Algodao),0.0,22.83,32.7
2024-05-30,Rondonopolis-MT (Algodao),0.0,24.28,34.25
2024-05-31,Rondonopolis-MT (Algodao),0.02,25.12,34.47
2024-06-01,Rondonopolis-MT (Algodao),0.02,25.95,35.05
2024-06-02,Rondonopolis-MT (Algodao),0.03,27.04,35.59
2024-06-03,Rondonopolis-MT (Algodao),0.0,26.51,35.17
2024-06-04,Rondonopolis-MT (Algodao),0.0,26.46,34.9
2024-06-05,Rondonopolis-MT (Algodao),0.01,26.53,35.61
2024-06-06,Rondonopolis-MT (Algodao),0.08,26.31,35.5
2024-06-07,Rondonopolis-MT (Algodao),0.0,26.81,35.63
2024-06-08,Rondonopolis-MT (Algodao),0.03,27.07,36.34
2024-06-09,Rondonopolis-MT (Algodao),0.02,27.12,36.5
2024-06-10,Rondonopolis-MT (Algodao),0.0,26.68,36.21
2024-06-11,Rondonopolis-MT (Algodao),0.04,26.58,35.25
2024-06-12,Rondonopolis-MT (Algodao),0.07,27.06,35.96
2024-06-13,Rondonopolis-MT (Algodao),0.01,26.43,35.88
2024-06-14,Rondonopolis-MT (Algodao),0.0,26.39,36.34
2024-06-15,Rondonopolis-MT (Algodao),0.0,27.15,36.49
2024-06-16,Rondonopolis-MT (Algodao),0.0,27.32,35.88
2024-06-17,Rondonopolis-MT (Algodao),0.01,26.53,35.4
2024-06-18,Rondonopolis-MT (Algodao),0.01,25.71,35.64
2024-06-19,Rondonopolis-MT (Algodao),0.0,25.91,35.71
2024-06-20,Rondonopolis-MT (Algodao),0.02,26.55,35.3
2024-06-21,Rondonopolis-MT (Algodao),0.0,27.06,35.88
2024-06-22,Rondonopolis-MT (Algodao),0.09,27.22,36.54
2024-06-23,Rondonopolis-MT (Algodao),0.01,27.28,36.37
2024-06-24,Rondonopolis-MT (Algodao),0.0,27.56,35.99
2024-06-25,Rondonopolis-MT (Algodao),0.0,27.58,36.0
2024-06-26,Rondonopolis-MT (Algodao),0.0,27.21,35.32
2024-06-27,Rondonopolis-MT (Algodao),0.0,26.12,33.82
2024-06-28,Rondonopolis-MT (Algodao),0.05,26.42,35.76
2024-06-29,Rondonopolis-MT (Algodao),0.0,27.04,35.11
2024-06-30,Rondonopolis-MT (Algodao),0.02,25.24,32.53
2024-07-01,Rondonopolis-MT (Algodao),0.0,25.46,34.04
2024-07-02,Rondonopolis-MT (Algodao),0.0,26.49,35.85
2024-07-03,Rondonopolis-MT (Algodao),0.01,26.76,35.47
2024-07-04,Rondonopolis-MT (Algodao),0.1,27.77,36.21
2024-07-05,Rondonopolis-MT (Algodao),0.0,27.96,35.73
2024-07-06,Rondonopolis-MT (Algodao),0.0,27.5,35.58
2024-07-07,Rondonopolis-MT (Algodao),0.01,27.6,36.28
2024-07-08,Rondonopolis-MT (Algodao),0.01,24.71,32.9
2024-07-09,Rondonopolis-MT (Algodao),0.0,23.26,31.59
2024-07-10,Rondonopolis-MT (Algodao),0.0,22.97,32.21
2024-07-11,Rondonopolis-MT (Algodao),0.0,26.71,36.87
2024-07-12,Rondonopolis-MT (Algodao),0.04,25.29,32.28
2024-07-13,Rondonopolis-MT (Algodao),0.0,23.28,32.5
2024-07-14,Rondonopolis-MT (Algodao),0.0,23.05,32.07
2024-07-15,Rondonopolis-MT (Algodao),0.0,23.55,32.93
2024-07-16,Rondonopolis-MT (Algodao),0.0,24.87,33.71
2024-07-17,Rondonopolis-MT (Algodao),0.0,26.86,35.2
2024-07-18,Rondonopolis-MT (Algodao),0.02,26.54,35.87
2024-07-19,Rondonopolis-MT (Algodao),0.0,26.77,36.3
2024-07-20,Rondonopolis-MT (Algodao),0.0,26.48,35.7
2024-07-21,Rondonopolis-MT (Algodao),0.0,25.56,35.12
2024-07-22,Rondonopolis-MT (Algodao),0.0,25.89,34.92
2024-07-23,Rondonopolis-MT (Algodao),0.0,26.15,35.29
2024-07-24,Rondonopolis-MT (Algodao),0.0,26.69,36.43
2024-07-25,Rondonopolis-MT (Algodao),0.1,27.16,36.29
2024-07-26,Rondonopolis-MT (Algodao),0.0,26.79,36.83
2024-07-27,Rondonopolis-MT (Algodao),0.07,26.83,36.77
2024-07-28,Rondonopolis-MT (Algodao),0.0,27.48,36.66
2024-07-29,Rondonopolis-MT (Algodao),0.0,28.29,37.06
2024-07-30,Rondonopolis-MT (Algodao),0.0,27.67,36.32
2024-07-31,Rondonopolis-MT (Algodao),0.0,28.03,37.69
2024-08-01,Rondonopolis-MT (Algodao),0.0,28.21,37.17
2024-08-02,Rondonopolis-MT (Algodao),0.0,28.88,37.26
2024-08-03,Rondonopolis-MT (Algodao),0.1,28.66,37.27
2024-08-04,Rondonopolis-MT (Algodao),0.0,28.22,36.12
2024-08-05,Rondonopolis-MT (Algodao),0.0,27.72,36.35
2024-08-06,Rondonopolis-MT (Algodao),0.0,27.37,36.22
2024-08-07,Rondonopolis-MT (Algodao),0.0,27.65,37.26
2024-08-08,Rondonopolis-MT (Algodao),0.0,28.14,37.81
2024-08-09,Rondonopolis-MT (Algodao),0.01,22.52,30.95
2024-08-10,Rondonopolis-MT (Algodao),0.0,19.45,28.76
2024-08-11,Rondonopolis-MT (Algodao),0.01,22.65,33.68
2024-08-12,Rondonopolis-MT (Algodao),0.0,23.59,33.89
2024-08-13,Rondonopolis-MT (Algodao),0.02,24.5,34.81
2024-08-14,Rondonopolis-MT (Algodao),0.0,27.15,37.71
2024-08-15,Rondonopolis-MT (Algodao),0.0,29.34,39.83
2024-08-16,Rondonopolis-MT (Algodao),0.0,30.6,39.85
2024-08-17,Rondonopolis-MT (Algodao),0.04,30.57,40.25
2024-08-18,Rondonopolis-MT (Algodao),0.0,30.53,39.94
2024-08-19,Rondonopolis-MT (Algodao),0.0,30.53,39.71
2024-08-20,Rondonopolis-MT (Algodao),0.04,30.44,40.0
2024-08-21,Rondonopolis-MT (Algodao),0.02,29.69,39.15
2024-08-22,Rondonopolis-MT (Algodao),0.0,30.23,40.29
2024-08-23,Rondonopolis-MT (Algodao),0.11,30.7,40.68
2024-08-24,Rondonopolis-MT (Algodao),0.01,28.59,37.6
2024-08-25,Rondonopolis-MT (Algodao),0.03,22.89,30.38
2024-08-26,Rondonopolis-MT (Algodao),0.0,23.07,32.67
2024-08-27,Rondonopolis-MT (Algodao),0.0,27.27,37.05
2024-08-28,Rondonopolis-MT (Algodao),0.0,29.85,39.05
2024-08-29,Rondonopolis-MT (Algodao),0.0,29.9,38.94
2024-08-30,Rondonopolis-MT (Algodao),0.02,29.67,38.69
2024-08-31,Rondonopolis-MT (Algodao),0.1,30.15,39.87
2024-09-01,Rondonopolis-MT (Algodao),0.02,31.36,40.63
2024-09-02,Rondonopolis-MT (Algodao),0.0,30.99,40.65
2024-09-03,Rondonopolis-MT (Algodao),0.0,31.15,41.24
2024-09-04,Rondonopolis-MT (Algodao),0.0,31.0,41.07
2024-09-05,Rondonopolis-MT (Algodao),0.0,30.27,40.01
2024-09-06,Rondonopolis-MT (Algodao),0.02,30.08,40.69
2024-09-07,Rondonopolis-MT (Algodao),0.0,31.33,40.23
2024-09-08,Rondonopolis-MT (Algodao),0.0,30.49,40.5
2024-09-09,Rondonopolis-MT (Algodao),0.0,29.25,39.32
2024-09-10,Rondonopolis-MT (Algodao),0.0,30.23,40.0
2024-09-11,Rondonopolis-MT (Algodao),0.0,31.07,40.32
2024-09-12,Rondonopolis-MT (Algodao),0.0,31.13,40.37
2024-09-13,Rondonopolis-MT (Algodao),0.04,31.85,41.21
2024-09-14,Rondonopolis-MT (Algodao),0.02,32.27,40.86
2024-09-15,Rondonopolis-MT (Algodao),0.0,32.35,40.68
2024-09-16,Rondonopolis-MT (Algodao),0.0,29.78,37.11
2024-09-17,Rondonopolis-MT (Algodao),0.09,31.15,39.34
2024-09-18,Rondonopolis-MT (Algodao),0.02,34.18,42.76
2024-09-19,Rondonopolis-MT (Algodao),0.1,33.79,41.24
2024-09-20,Rondonopolis-MT (Algodao),0.7,33.29,40.24
2024-09-21,Rondonopolis-MT (Algodao),0.0,33.24,41.49
2024-09-22,Rondonopolis-MT (Algodao),0.0,33.49,42.23
2024-09-23,Rondonopolis-MT (Algodao),0.0,33.99,42.84
2024-09-24,Rondonopolis-MT (Algodao),0.0,34.48,43.19
2024-09-25,Rondonopolis-MT (Algodao),0.0,34.34,43.06
2024-09-26,Rondonopolis-MT (Algodao),0.89,34.16,42.94
2024-09-27,Rondonopolis-MT (Algodao),3.8,31.45,38.72
2024-09-28,Rondonopolis-MT (Algodao),0.0,32.69,40.46
2024-09-29,Rondonopolis-MT (Algodao),0.0,34.42,41.82
2024-09-30,Rondonopolis-MT (Algodao),0.0,34.56,42.57
2024-10-01,Rondonopolis-MT (Algodao),0.17,34.61,42.88
2024-10-02,Rondonopolis-MT (Algodao),4.82,33.88,41.68
2024-10-03,Rondonopolis-MT (Algodao),0.42,34.16,41.63
2024-10-04,Rondonopolis-MT (Algodao),1.74,33.85,40.79
2024-10-05,Rondonopolis-MT (Algodao),0.07,34.72,42.87
2024-10-06,Rondonopolis-MT (Algodao),0.37,34.76,43.43
2024-10-07,Rondonopolis-MT (Algodao),0.0,34.23,43.98
2024-10-08,Rondonopolis-MT (Algodao),1.82,34.87,43.56
2024-10-09,Rondonopolis-MT (Algodao),8.78,33.48,41.71
2024-10-10,Rondonopolis-MT (Algodao),2.65,32.82,40.01
2024-10-11,Rondonopolis-MT (Algodao),3.38,31.74,40.28
2024-10-12,Rondonopolis-MT (Algodao),1.51,31.18,38.2
2024-10-13,Rondonopolis-MT (Algodao),0.18,32.12,40.03
2024-10-14,Rondonopolis-MT (Algodao),0.22,31.67,38.61
2024-10-15,Rondonopolis-MT (Algodao),0.0,32.59,40.27
2024-10-16,Rondonopolis-MT (Algodao),0.61,31.49,37.31
2024-10-17,Rondonopolis-MT (Algodao),14.52,31.73,39.07
2024-10-18,Rondonopolis-MT (Algodao),6.67,30.04,36.24
2024-10-19,Rondonopolis-MT (Algodao),1.7,28.4,33.75
2024-10-20,Rondonopolis-MT (Algodao),11.23,27.67,33.33
2024-10-21,Rondonopolis-MT (Algodao),0.62,26.24,30.93
2024-10-22,Rondonopolis-MT (Algodao),0.0,29.33,36.5
2024-10-23,Rondonopolis-MT (Algodao),0.0,31.02,38.96
2024-10-24,Rondonopolis-MT (Algodao),16.99,29.86,36.52
2024-10-25,Rondonopolis-MT (Algodao),1.4,30.47,37.83
2024-10-26,Rondonopolis-MT (Algodao),14.38,29.5,34.82
2024-10-27,Rondonopolis-MT (Algodao),0.55,28.15,32.53
2024-10-28,Rondonopolis-MT (Algodao),0.41,29.51,36.32
2024-10-29,Rondonopolis-MT (Algodao),5.44,29.46,34.75
2024-10-30,Rondonopolis-MT (Algodao),24.26,28.87,34.31
2024-10-31,Rondonopolis-MT (Algodao),0.75,28.64,34.47
2024-11-01,Rondonopolis-MT (Algodao),2.98,27.93,33.78
2024-11-02,Rondonopolis-MT (Algodao),0.62,28.13,34.61
2024-11-03,Rondonopolis-MT (Algodao),1.45,27.75,32.21
2024-11-04,Rondonopolis-MT (Algodao),7.19,29.14,35.93
2024-11-05,Rondonopolis-MT (Algodao),18.13,27.49,31.57
2024-11-06,Rondonopolis-MT (Algodao),2.33,27.04,32.36
2024-11-07,Rondonopolis-MT (Algodao),3.61,27.12,31.94
2024-11-08,Rondonopolis-MT (Algodao),6.45,26.31,29.97
2024-11-09,Rondonopolis-MT (Algodao),1.25,28.28,34.97
2024-11-10,Rondonopolis-MT (Algodao),0.62,29.33,35.39
2024-11-11,Rondonopolis-MT (Algodao),0.55,30.79,36.65
2024-11-12,Rondonopolis-MT (Algodao),19.16,29.31,34.61
2024-11-13,Rondonopolis-MT (Algodao),25.91,27.39,31.94
2024-11-14,Rondonopolis-MT (Algodao),2.04,27.41,32.32
2024-11-15,Rondonopolis-MT (Algodao),0.23,27.95,33.39
2024-11-16,Rondonopolis-MT (Algodao),4.23,27.21,32.45
2024-11-17,Rondonopolis-MT (Algodao),4.01,27.49,33.42
2024-11-18,Rondonopolis-MT (Algodao),1.29,28.21,34.43
2024-11-19,Rondonopolis-MT (Algodao),1.72,29.2,35.58
2024-11-20,Rondonopolis-MT (Algodao),7.65,29.33,34.63
2024-11-21,Rondonopolis-MT (Algodao),12.65,28.87,33.85
2024-11-22,Rondonopolis-MT (Algodao),15.04,28.11,31.68
2024-11-23,Rondonopolis-MT (Algodao),2.22,27.96,32.74
2024-11-24,Rondonopolis-MT (Algodao),1.04,29.15,34.26
2024-11-25,Rondonopolis-MT (Algodao),1.62,28.88,34.36
2024-11-26,Rondonopolis-MT (Algodao),0.98,29.07,35.45
2024-11-27,Rondonopolis-MT (Algodao),0.57,29.47,35.26
2024-11-28,Rondonopolis-MT (Algodao),2.7,29.79,36.47
2024-11-29,Rondonopolis-MT (Algodao),23.47,29.58,35.61
2024-11-30,Rondonopolis-MT (Algodao),4.59,28.28,32.15
2024-12-01,Rondonopolis-MT (Algodao),0.88,27.57,32.21
2024-12-02,Rondonopolis-MT (Algodao),4.9,26.65,30.88
2024-12-03,Rondonopolis-MT (Algodao),4.73,27.73,33.61
2024-12-04,Rondonopolis-MT (Algodao),6.1,27.15,30.91
2024-12-05,Rondonopolis-MT (Algodao),3.66,27.27,31.9
2024-12-06,Rondonopolis-MT (Algodao),1.27,28.57,35.32
2024-12-07,Rondonopolis-MT (Algodao),1.36,29.5,36.07
2024-12-08,Rondonopolis-MT (Algodao),0.97,30.0,37.27
2024-12-09,Rondonopolis-MT (Algodao),0.8,30.05,37.33
2024-12-10,Rondonopolis-MT (Algodao),2.42,30.87,37.86
2024-12-11,Rondonopolis-MT (Algodao),3.36,30.55,36.84
2024-12-12,Rondonopolis-MT (Algodao),1.73,29.52,34.38
2024-12-13,Rondonopolis-MT (Algodao),1.5,30.48,37.29
2024-12-14,Rondonopolis-MT (Algodao),5.76,28.11,33.49
2024-12-15,Rondonopolis-MT (Algodao),2.21,27.83,34.15
2024-12-16,Rondonopolis-MT (Algodao),0.45,27.9,34.23
2024-12-17,Rondonopolis-MT (Algodao),2.78,28.92,34.35
2024-12-18,Rondonopolis-MT (Algodao),0.1,29.78,37.79
2024-12-19,Rondonopolis-MT (Algodao),5.23,29.51,34.79
2024-12-20,Rondonopolis-MT (Algodao),2.83,29.96,36.54
2024-12-21,Rondonopolis-MT (Algodao),29.62,28.24,33.57
2024-12-22,Rondonopolis-MT (Algodao),3.29,27.52,30.87
2024-12-23,Rondonopolis-MT (Algodao),3.43,28.09,32.12
2024-12-24,Rondonopolis-MT (Algodao),5.61,26.65,30.05
2024-12-25,Rondonopolis-MT (Algodao),5.71,25.41,28.81
2024-12-26,Rondonopolis-MT (Algodao),13.49,25.6,28.89
2024-12-27,Rondonopolis-MT (Algodao),5.71,27.13,32.24
2024-12-28,Rondonopolis-MT (Algodao),7.34,27.58,32.19
2024-12-29,Rondonopolis-MT (Algodao),6.49,28.05,32.96
2024-12-30,Rondonopolis-MT (Algodao),2.55,27.88,32.75
2024-12-31,Rondonopolis-MT (Algodao),1.09,28.14,33.62
2024-01-01,Sorriso-MT (Soja),17.84,27.13,31.98
2024-01-02,Sorriso-MT (Soja),6.38,25.65,29.29
2024-01-03,Sorriso-MT (Soja),10.67,24.22,26.3
2024-01-04,Sorriso-MT (Soja),14.37,25.29,28.61
2024-01-05,Sorriso-MT (Soja),44.78,23.92,25.55
2024-01-06,Sorriso-MT (Soja),6.51,25.03,28.32
2024-01-07,Sorriso-MT (Soja),13.94,24.89,27.8
2024-01-08,Sorriso-MT (Soja),16.91,24.78,27.57
2024-01-09,Sorriso-MT (Soja),6.82,24.83,27.95
2024-01-10,Sorriso-MT (Soja),6.51,24.89,27.99
2024-01-11,Sorriso-MT (Soja),15.68,23.74,25.75
2024-01-12,Sorriso-MT (Soja),8.55,24.71,28.46
2024-01-13,Sorriso-MT (Soja),4.15,24.66,27.76
2024-01-14,Sorriso-MT (Soja),2.24,25.6,29.24
2024-01-15,Sorriso-MT (Soja),0.43,25.8,29.24
2024-01-16,Sorriso-MT (Soja),0.3,26.39,30.53
2024-01-17,Sorriso-MT (Soja),5.91,26.74,31.17
2024-01-18,Sorriso-MT (Soja),4.64,26.73,31.02
2024-01-19,Sorriso-MT (Soja),48.55,26.01,29.61
2024-01-20,Sorriso-MT (Soja),6.61,26.27,29.82
2024-01-21,Sorriso-MT (Soja),2.23,26.23,29.36
2024-01-22,Sorriso-MT (Soja),4.58,26.37,30.28
2024-01-23,Sorriso-MT (Soja),4.84,26.48,30.02
2024-01-24,Sorriso-MT (Soja),12.62,25.91,28.54
2024-01-25,Sorriso-MT (Soja),6.19,25.14,26.72
2024-01-26,Sorriso-MT (Soja),3.97,25.33,29.04
2024-01-27,Sorriso-MT (Soja),0.21,25.59,30.02
2024-01-28,Sorriso-MT (Soja),0.13,25.13,30.23
2024-01-29,Sorriso-MT (Soja),10.33,24.84,28.56
2024-01-30,Sorriso-MT (Soja),11.64,25.27,29.84
2024-01-31,Sorriso-MT (Soja),5.3,25.49,29.25
2024-02-01,Sorriso-MT (Soja),28.76,26.19,30.74
2024-02-02,Sorriso-MT (Soja),3.76,25.19,28.58
2024-02-03,Sorriso-MT (Soja),32.36,24.17,26.8
2024-02-04,Sorriso-MT (Soja),30.82,24.08,26.94
2024-02-05,Sorriso-MT (Soja),3.18,24.01,27.18
2024-02-06,Sorriso-MT (Soja),1.34,25.25,29.74
2024-02-07,Sorriso-MT (Soja),4.12,25.67,29.78
2024-02-08,Sorriso-MT (Soja),9.68,25.51,30.3
2024-02-09,Sorriso-MT (Soja),4.99,25.81,29.34
2024-02-10,Sorriso-MT (Soja),15.9,25.79,29.72
2024-02-11,Sorriso-MT (Soja),9.25,25.02,27.54
2024-02-12,Sorriso-MT (Soja),1.56,24.51,27.5
2024-02-13,Sorriso-MT (Soja),2.35,25.47,29.84
2024-02-14,Sorriso-MT (Soja),1.72,26.01,30.27
2024-02-15,Sorriso-MT (Soja),0.38,26.43,30.94
2024-02-16,Sorriso-MT (Soja),0.71,26.75,30.91
2024-02-17,Sorriso-MT (Soja),1.36,26.42,31.32
2024-02-18,Sorriso-MT (Soja),41.08,24.66,27.32
2024-02-19,Sorriso-MT (Soja),19.26,25.27,28.05
2024-02-20,Sorriso-MT (Soja),14.98,25.34,28.75
2024-02-21,Sorriso-MT (Soja),3.97,25.39,28.79
2024-02-22,Sorriso-MT (Soja),2.75,25.46,28.94
2024-02-23,Sorriso-MT (Soja),2.9,25.14,28.22
2024-02-24,Sorriso-MT (Soja),0.93,24.63,27.8
2024-02-25,Sorriso-MT (Soja),0.23,25.86,30.18
2024-02-26,Sorriso-MT (Soja),5.61,26.43,30.46
2024-02-27,Sorriso-MT (Soja),5.6,25.44,28.21
2024-02-28,Sorriso-MT (Soja),1.64,25.7,29.87
2024-02-29,Sorriso-MT (Soja),1.23,26.17,30.09
2024-03-01,Sorriso-MT (Soja),2.51,26.68,30.53
2024-03-02,Sorriso-MT (Soja),29.54,25.98,28.57
2024-03-03,Sorriso-MT (Soja),7.76,24.29,26.54
2024-03-04,Sorriso-MT (Soja),8.86,25.08,28.33
2024-03-05,Sorriso-MT (Soja),4.29,23.93,26.14
2024-03-06,Sorriso-MT (Soja),1.69,25.0,28.56
2024-03-07,Sorriso-MT (Soja),2.44,25.8,28.59
2024-03-08,Sorriso-MT (Soja),6.25,26.09,29.89
2024-03-09,Sorriso-MT (Soja),1.75,25.81,29.72
2024-03-10,Sorriso-MT (Soja),3.27,25.96,29.75
2024-03-11,Sorriso-MT (Soja),4.16,27.04,30.84
2024-03-12,Sorriso-MT (Soja),1.98,27.49,31.29
2024-03-13,Sorriso-MT (Soja),1.0,27.06,30.46
2024-03-14,Sorriso-MT (Soja),6.52,26.79,29.86
2024-03-15,Sorriso-MT (Soja),4.48,27.21,30.78
2024-03-16,Sorriso-MT (Soja),0.73,27.71,31.15
2024-03-17,Sorriso-MT (Soja),3.08,26.53,29.77
2024-03-18,Sorriso-MT (Soja),2.58,26.14,29.09
2024-03-19,Sorriso-MT (Soja),0.99,26.35,30.28
2024-03-20,Sorriso-MT (Soja),7.98,26.12,29.57
2024-03-21,Sorriso-MT (Soja),9.1,25.64,28.64
2024-03-22,Sorriso-MT (Soja),5.52,26.1,29.66
2024-03-23,Sorriso-MT (Soja),12.9,25.86,29.32
2024-03-24,Sorriso-MT (Soja),7.45,25.37,27.93
2024-03-25,Sorriso-MT (Soja),11.45,24.84,27.39
2024-03-26,Sorriso-MT (Soja),3.81,25.08,28.56
2024-03-27,Sorriso-MT (Soja),18.22,24.82,27.81
2024-03-28,Sorriso-MT (Soja),7.38,24.41,26.75
2024-03-29,Sorriso-MT (Soja),0.21,25.17,29.15
2024-03-30,Sorriso-MT (Soja),0.19,25.65,29.39
2024-03-31,Sorriso-MT (Soja),0.09,25.63,28.4
2024-04-01,Sorriso-MT (Soja),6.32,25.97,28.94
2024-04-02,Sorriso-MT (Soja),3.87,25.14,27.61
2024-04-03,Sorriso-MT (Soja),7.23,25.15,28.83
2024-04-04,Sorriso-MT (Soja),9.82,25.49,28.9
2024-04-05,Sorriso-MT (Soja),3.52,26.12,29.83
2024-04-06,Sorriso-MT (Soja),0.63,24.9,27.24
2024-04-07,Sorriso-MT (Soja),2.16,25.2,28.69
2024-04-08,Sorriso-MT (Soja),2.03,25.39,29.45
2024-04-09,Sorriso-MT (Soja),5.84,25.6,29.08
2024-04-10,Sorriso-MT (Soja),10.02,25.46,28.04
2024-04-11,Sorriso-MT (Soja),14.26,25.7,29.16
2024-04-12,Sorriso-MT (Soja),5.55,25.68,29.17
2024-04-13,Sorriso-MT (Soja),8.4,25.78,29.6
2024-04-14,Sorriso-MT (Soja),5.68,25.05,26.92
2024-04-15,Sorriso-MT (Soja),5.92,25.71,29.11
2024-04-16,Sorriso-MT (Soja),50.37,25.06,26.83
2024-04-17,Sorriso-MT (Soja),9.82,25.74,29.44
2024-04-18,Sorriso-MT (Soja),0.26,25.95,29.71
2024-04-19,Sorriso-MT (Soja),1.4,26.26,29.58
2024-04-20,Sorriso-MT (Soja),3.65,25.64,27.5
2024-04-21,Sorriso-MT (Soja),6.29,25.55,29.28
2024-04-22,Sorriso-MT (Soja),1.82,25.61,28.87
2024-04-23,Sorriso-MT (Soja),0.87,26.01,29.89
2024-04-24,Sorriso-MT (Soja),2.84,25.75,29.62
2024-04-25,Sorriso-MT (Soja),1.49,25.67,29.66
2024-04-26,Sorriso-MT (Soja),1.36,25.55,29.64
2024-04-27,Sorriso-MT (Soja),1.25,26.11,29.69
2024-04-28,Sorriso-MT (Soja),1.43,25.69,28.42
2024-04-29,Sorriso-MT (Soja),1.96,25.06,27.91
2024-04-30,Sorriso-MT (Soja),0.33,25.75,29.77
2024-05-01,Sorriso-MT (Soja),0.06,25.7,29.62
2024-05-02,Sorriso-MT (Soja),0.0,25.21,29.48
2024-05-03,Sorriso-MT (Soja),0.0,24.93,29.41
2024-05-04,Sorriso-MT (Soja),0.67,25.56,30.02
2024-05-05,Sorriso-MT (Soja),0.68,25.28,29.57
2024-05-06,Sorriso-MT (Soja),1.51,24.56,29.26
2024-05-07,Sorriso-MT (Soja),0.98,25.28,29.77
2024-05-08,Sorriso-MT (Soja),1.55,25.31,29.62
2024-05-09,Sorriso-MT (Soja),0.32,24.5,29.32
2024-05-10,Sorriso-MT (Soja),1.62,24.16,29.24
2024-05-11,Sorriso-MT (Soja),1.47,24.18,29.3
2024-05-12,Sorriso-MT (Soja),0.81,24.45,29.96
2024-05-13,Sorriso-MT (Soja),0.76,24.35,29.73
2024-05-14,Sorriso-MT (Soja),1.0,22.71,29.25
2024-05-15,Sorriso-MT (Soja),1.22,22.16,28.19
2024-05-16,Sorriso-MT (Soja),1.47,24.5,30.93
2024-05-17,Sorriso-MT (Soja),2.96,25.19,29.87
2024-05-18,Sorriso-MT (Soja),0.23,24.2,29.76
2024-05-19,Sorriso-MT (Soja),0.0,23.13,29.44
2024-05-20,Sorriso-MT (Soja),0.0,22.4,29.02
2024-05-21,Sorriso-MT (Soja),1.75,23.95,30.46
2024-05-22,Sorriso-MT (Soja),0.7,25.03,31.29
2024-05-23,Sorriso-MT (Soja),1.88,24.8,31.27
2024-05-24,Sorriso-MT (Soja),1.32,25.28,31.85
2024-05-25,Sorriso-MT (Soja),1.59,23.71,29.39
2024-05-26,Sorriso-MT (Soja),0.6,22.64,28.46
2024-05-27,Sorriso-MT (Soja),0.64,22.13,29.2
2024-05-28,Sorriso-MT (Soja),1.58,21.16,27.18
2024-05-29,Sorriso-MT (Soja),0.0,21.26,28.09
2024-05-30,Sorriso-MT (Soja),0.0,22.18,29.68
2024-05-31,Sorriso-MT (Soja),0.0,22.52,30.25
2024-06-01,Sorriso-MT (Soja),0.0,23.35,30.93
2024-06-02,Sorriso-MT (Soja),0.0,24.24,31.31
2024-06-03,Sorriso-MT (Soja),0.02,23.85,31.23
2024-06-04,Sorriso-MT (Soja),0.39,23.15,30.51
2024-06-05,Sorriso-MT (Soja),2.46,22.86,29.33
2024-06-06,Sorriso-MT (Soja),0.0,23.92,31.27
2024-06-07,Sorriso-MT (Soja),1.23,23.08,30.97
2024-06-08,Sorriso-MT (Soja),1.33,23.72,31.69
2024-06-09,Sorriso-MT (Soja),1.47,24.17,31.64
2024-06-10,Sorriso-MT (Soja),0.86,24.48,31.88
2024-06-11,Sorriso-MT (Soja),1.13,23.2,31.19
2024-06-12,Sorriso-MT (Soja),1.21,23.5,31.63
2024-06-13,Sorriso-MT (Soja),1.61,24.05,32.13
2024-06-14,Sorriso-MT (Soja),0.0,24.85,32.68
2024-06-15,Sorriso-MT (Soja),0.03,24.69,32.61
2024-06-16,Sorriso-MT (Soja),1.57,23.46,31.72
2024-06-17,Sorriso-MT (Soja),1.59,23.93,31.78
2024-06-18,Sorriso-MT (Soja),1.28,23.89,31.95
2024-06-19,Sorriso-MT (Soja),1.1,23.78,31.65
2024-06-20,Sorriso-MT (Soja),2.08,23.12,31.5
2024-06-21,Sorriso-MT (Soja),0.24,24.32,32.66
2024-06-22,Sorriso-MT (Soja),2.22,24.8,32.14
2024-06-23,Sorriso-MT (Soja),0.12,25.47,33.12
2024-06-24,Sorriso-MT (Soja),0.0,25.17,33.29
2024-06-25,Sorriso-MT (Soja),0.0,24.54,32.32
2024-06-26,Sorriso-MT (Soja),0.0,24.62,32.68
2024-06-27,Sorriso-MT (Soja),1.57,23.86,32.63
2024-06-28,Sorriso-MT (Soja),1.11,24.46,33.97
2024-06-29,Sorriso-MT (Soja),1.27,23.98,32.39
2024-06-30,Sorriso-MT (Soja),0.0,23.39,31.26
2024-07-01,Sorriso-MT (Soja),0.39,22.5,31.26
2024-07-02,Sorriso-MT (Soja),2.12,23.04,32.64
2024-07-03,Sorriso-MT (Soja),0.43,24.04,32.51
2024-07-04,Sorriso-MT (Soja),2.15,24.33,32.84
2024-07-05,Sorriso-MT (Soja),0.0,24.56,32.63
2024-07-06,Sorriso-MT (Soja),1.1,23.85,32.82
2024-07-07,Sorriso-MT (Soja),1.18,24.31,33.41
2024-07-08,Sorriso-MT (Soja),1.19,24.11,32.89
2024-07-09,Sorriso-MT (Soja),1.19,23.13,31.58
2024-07-10,Sorriso-MT (Soja),1.2,23.4,31.99
2024-07-11,Sorriso-MT (Soja),0.0,24.72,33.26
2024-07-12,Sorriso-MT (Soja),0.02,24.79,33.25
2024-07-13,Sorriso-MT (Soja),0.01,21.9,29.74
2024-07-14,Sorriso-MT (Soja),0.0,21.83,29.82
2024-07-15,Sorriso-MT (Soja),0.0,21.71,30.43
2024-07-16,Sorriso-MT (Soja),0.0,21.91,31.53
2024-07-17,Sorriso-MT (Soja),1.36,22.31,31.34
2024-07-18,Sorriso-MT (Soja),1.21,23.15,32.52
2024-07-19,Sorriso-MT (Soja),1.26,22.86,32.88
2024-07-20,Sorriso-MT (Soja),1.22,22.68,32.4
2024-07-21,Sorriso-MT (Soja),1.22,22.19,32.24
2024-07-22,Sorriso-MT (Soja),1.17,21.59,31.39
2024-07-23,Sorriso-MT (Soja),0.0,22.89,32.21
2024-07-24,Sorriso-MT (Soja),0.39,24.13,34.3
2024-07-25,Sorriso-MT (Soja),1.17,24.05,33.88
2024-07-26,Sorriso-MT (Soja),1.22,23.12,33.26
2024-07-27,Sorriso-MT (Soja),1.21,23.06,33.33
2024-07-28,Sorriso-MT (Soja),1.16,23.55,33.51
2024-07-29,Sorriso-MT (Soja),1.16,24.44,33.83
2024-07-30,Sorriso-MT (Soja),1.22,24.78,34.16
2024-07-31,Sorriso-MT (Soja),1.1,24.37,34.21
2024-08-01,Sorriso-MT (Soja),0.0,25.51,35.48
2024-08-02,Sorriso-MT (Soja),0.0,26.09,35.29
2024-08-03,Sorriso-MT (Soja),0.55,24.86,34.2
2024-08-04,Sorriso-MT (Soja),0.53,24.32,33.58
2024-08-05,Sorriso-MT (Soja),0.53,24.14,33.34
2024-08-06,Sorriso-MT (Soja),0.55,24.38,34.16
2024-08-07,Sorriso-MT (Soja),0.0,25.84,35.5
2024-08-08,Sorriso-MT (Soja),0.0,26.17,36.05
2024-08-09,Sorriso-MT (Soja),0.0,24.84,33.29
2024-08-10,Sorriso-MT (Soja),0.0,21.81,29.01
2024-08-11,Sorriso-MT (Soja),0.01,24.11,34.23
2024-08-12,Sorriso-MT (Soja),0.0,24.38,33.69
2024-08-13,Sorriso-MT (Soja),0.0,24.43,33.39
2024-08-14,Sorriso-MT (Soja),0.0,26.21,36.59
2024-08-15,Sorriso-MT (Soja),0.0,27.89,36.96
2024-08-16,Sorriso-MT (Soja),0.0,28.45,36.68
2024-08-17,Sorriso-MT (Soja),0.0,28.35,36.9
2024-08-18,Sorriso-MT (Soja),0.0,28.03,37.25
2024-08-19,Sorriso-MT (Soja),0.0,27.92,37.44
2024-08-20,Sorriso-MT (Soja),0.0,27.3,36.74
2024-08-21,Sorriso-MT (Soja),0.01,28.34,37.3
2024-08-22,Sorriso-MT (Soja),0.0,28.99,38.54
2024-08-23,Sorriso-MT (Soja),0.04,29.27,38.57
2024-08-24,Sorriso-MT (Soja),0.0,29.29,37.85
2024-08-25,Sorriso-MT (Soja),0.0,25.58,32.09
2024-08-26,Sorriso-MT (Soja),0.0,23.72,31.7
2024-08-27,Sorriso-MT (Soja),0.0,25.7,35.18
2024-08-28,Sorriso-MT (Soja),0.0,27.1,37.06
2024-08-29,Sorriso-MT (Soja),0.0,28.5,37.04
2024-08-30,Sorriso-MT (Soja),0.0,27.6,36.1
2024-08-31,Sorriso-MT (Soja),0.0,28.06,37.61
2024-09-01,Sorriso-MT (Soja),0.0,27.73,37.49
2024-09-02,Sorriso-MT (Soja),0.0,27.86,37.9
2024-09-03,Sorriso-MT (Soja),0.0,28.75,38.67
2024-09-04,Sorriso-MT (Soja),0.0,28.85,38.51
2024-09-05,Sorriso-MT (Soja),0.0,28.24,38.42
2024-09-06,Sorriso-MT (Soja),0.0,28.0,38.37
2024-09-07,Sorriso-MT (Soja),0.0,28.71,38.5
2024-09-08,Sorriso-MT (Soja),0.0,28.37,38.36
2024-09-09,Sorriso-MT (Soja),0.0,28.55,38.21
2024-09-10,Sorriso-MT (Soja),0.0,28.96,38.55
2024-09-11,Sorriso-MT (Soja),0.0,28.95,37.88
2024-09-12,Sorriso-MT (Soja),0.0,29.16,37.98
2024-09-13,Sorriso-MT (Soja),0.0,29.56,38.85
2024-09-14,Sorriso-MT (Soja),0.0,29.58,38.83
2024-09-15,Sorriso-MT (Soja),0.0,29.52,38.19
2024-09-16,Sorriso-MT (Soja),0.01,28.89,37.32
2024-09-17,Sorriso-MT (Soja),0.0,29.58,37.84
2024-09-18,Sorriso-MT (Soja),0.0,30.73,39.93
2024-09-19,Sorriso-MT (Soja),0.01,31.52,39.85
2024-09-20,Sorriso-MT (Soja),0.0,31.07,39.56
2024-09-21,Sorriso-MT (Soja),0.0,30.52,39.59
2024-09-22,Sorriso-MT (Soja),0.0,31.08,39.8
2024-09-23,Sorriso-MT (Soja),0.0,31.14,39.54
2024-09-24,Sorriso-MT (Soja),0.01,31.05,38.66
2024-09-25,Sorriso-MT (Soja),0.12,31.74,40.4
2024-09-26,Sorriso-MT (Soja),0.06,31.63,39.78
2024-09-27,Sorriso-MT (Soja),0.0,30.64,38.03
2024-09-28,Sorriso-MT (Soja),0.0,31.65,39.2
2024-09-29,Sorriso-MT (Soja),10.02,30.76,38.22
2024-09-30,Sorriso-MT (Soja),1.04,29.59,37.4
2024-10-01,Sorriso-MT (Soja),0.7,30.78,38.44
2024-10-02,Sorriso-MT (Soja),0.01,31.94,39.71
2024-10-03,Sorriso-MT (Soja),0.0,31.27,39.85
2024-10-04,Sorriso-MT (Soja),0.01,31.73,40.04
2024-10-05,Sorriso-MT (Soja),0.02,32.01,40.81
2024-10-06,Sorriso-MT (Soja),7.47,32.93,41.54
2024-10-07,Sorriso-MT (Soja),0.47,30.03,37.81
2024-10-08,Sorriso-MT (Soja),0.08,31.32,39.45
2024-10-09,Sorriso-MT (Soja),0.85,31.6,39.1
2024-10-10,Sorriso-MT (Soja),5.83,31.31,38.9
2024-10-11,Sorriso-MT (Soja),0.06,31.74,39.72
2024-10-12,Sorriso-MT (Soja),1.22,31.58,39.29
2024-10-13,Sorriso-MT (Soja),0.61,30.99,39.28
2024-10-14,Sorriso-MT (Soja),0.43,31.52,38.56
2024-10-15,Sorriso-MT (Soja),0.68,32.08,40.25
2024-10-16,Sorriso-MT (Soja),2.97,29.63,35.5
2024-10-17,Sorriso-MT (Soja),16.66,28.75,35.41
2024-10-18,Sorriso-MT (Soja),19.17,27.84,33.79
2024-10-19,Sorriso-MT (Soja),0.2,27.48,32.91
2024-10-20,Sorriso-MT (Soja),12.49,26.05,31.11
2024-10-21,Sorriso-MT (Soja),2.73,27.29,32.94
2024-10-22,Sorriso-MT (Soja),1.2,28.46,35.63
2024-10-23,Sorriso-MT (Soja),0.9,29.26,34.53
2024-10-24,Sorriso-MT (Soja),0.0,30.91,37.71
2024-10-25,Sorriso-MT (Soja),0.3,30.41,36.77
2024-10-26,Sorriso-MT (Soja),34.68,29.22,36.45
2024-10-27,Sorriso-MT (Soja),1.63,26.51,30.41
2024-10-28,Sorriso-MT (Soja),5.92,27.78,34.05
2024-10-29,Sorriso-MT (Soja),5.96,27.96,34.76
2024-10-30,Sorriso-MT (Soja),3.71,27.42,32.71
2024-10-31,Sorriso-MT (Soja),4.03,27.87,33.89
2024-11-01,Sorriso-MT (Soja),7.29,24.74,28.0
2024-11-02,Sorriso-MT (Soja),8.74,25.09,30.29
2024-11-03,Sorriso-MT (Soja),0.31,27.45,33.61
2024-11-04,Sorriso-MT (Soja),16.5,28.15,34.66
2024-11-05,Sorriso-MT (Soja),15.53,24.61,27.22
2024-11-06,Sorriso-MT (Soja),10.5,24.62,27.61
2024-11-07,Sorriso-MT (Soja),9.96,24.32,26.46
2024-11-08,Sorriso-MT (Soja),12.41,24.92,28.1
2024-11-09,Sorriso-MT (Soja),3.19,25.81,29.98
2024-11-10,Sorriso-MT (Soja),3.88,25.36,28.19
2024-11-11,Sorriso-MT (Soja),2.72,25.91,30.58
2024-11-12,Sorriso-MT (Soja),14.28,26.52,31.87
2024-11-13,Sorriso-MT (Soja),18.89,24.3,25.77
2024-11-14,Sorriso-MT (Soja),0.95,26.31,30.16
2024-11-15,Sorriso-MT (Soja),19.44,24.51,27.16
2024-11-16,Sorriso-MT (Soja),2.17,24.2,28.03
2024-11-17,Sorriso-MT (Soja),0.0,24.98,29.31
2024-11-18,Sorriso-MT (Soja),0.57,26.23,30.93
2024-11-19,Sorriso-MT (Soja),1.6,27.13,32.88
2024-11-20,Sorriso-MT (Soja),4.45,26.93,31.67
2024-11-21,Sorriso-MT (Soja),17.0,25.81,30.04
2024-11-22,Sorriso-MT (Soja),12.04,25.11,28.16
2024-11-23,Sorriso-MT (Soja),2.4,25.73,29.62
2024-11-24,Sorriso-MT (Soja),0.83,25.92,30.63
2024-11-25,Sorriso-MT (Soja),10.32,25.36,28.75
2024-11-26,Sorriso-MT (Soja),3.62,26.27,30.6
2024-11-27,Sorriso-MT (Soja),3.3,26.14,30.13
2024-11-28,Sorriso-MT (Soja),1.73,26.41,30.77
2024-11-29,Sorriso-MT (Soja),7.09,26.75,31.15
2024-11-30,Sorriso-MT (Soja),3.9,26.25,30.47
2024-12-01,Sorriso-MT (Soja),3.86,26.15,30.75
2024-12-02,Sorriso-MT (Soja),7.94,26.17,29.63
2024-12-03,Sorriso-MT (Soja),6.58,26.27,30.44
2024-12-04,Sorriso-MT (Soja),3.59,25.93,29.22
2024-12-05,Sorriso-MT (Soja),2.27,25.71,29.64
2024-12-06,Sorriso-MT (Soja),7.21,25.92,29.7
2024-12-07,Sorriso-MT (Soja),0.91,26.87,30.87
2024-12-08,Sorriso-MT (Soja),0.4,27.13,32.28
2024-12-09,Sorriso-MT (Soja),0.08,27.43,32.77
2024-12-10,Sorriso-MT (Soja),1.44,27.69,33.21
2024-12-11,Sorriso-MT (Soja),0.11,28.1,34.06
2024-12-12,Sorriso-MT (Soja),0.0,28.28,34.02
2024-12-13,Sorriso-MT (Soja),2.92,28.15,33.86
2024-12-14,Sorriso-MT (Soja),9.48,26.6,30.94
2024-12-15,Sorriso-MT (Soja),0.67,25.97,29.95
2024-12-16,Sorriso-MT (Soja),0.88,26.42,31.51
2024-12-17,Sorriso-MT (Soja),0.24,26.95,32.29
2024-12-18,Sorriso-MT (Soja),0.05,27.95,34.2
2024-12-19,Sorriso-MT (Soja),0.01,28.35,34.42
2024-12-20,Sorriso-MT (Soja),19.12,26.71,30.61
2024-12-21,Sorriso-MT (Soja),5.41,25.81,29.78
2024-12-22,Sorriso-MT (Soja),3.33,26.07,30.6
2024-12-23,Sorriso-MT (Soja),1.53,25.83,29.01
2024-12-24,Sorriso-MT (Soja),7.96,26.89,32.09
2024-12-25,Sorriso-MT (Soja),7.15,24.72,26.55
2024-12-26,Sorriso-MT (Soja),8.55,24.19,26.72
2024-12-27,Sorriso-MT (Soja),6.87,24.91,28.69
2024-12-28,Sorriso-MT (Soja),0.82,24.27,26.89
2024-12-29,Sorriso-MT (Soja),1.87,25.69,30.48
2024-12-30,Sorriso-MT (Soja),6.42,24.82,28.31
2024-12-31,Sorriso-MT (Soja),1.02,24.76,27.87
